Name,Bus1,Bus2,Phases,Length,Units,LineCode,nphases,R1,X1,R0,X0,C1,C0,Units
LINE1,1,2,ABC,1.098,m,4c_70,3,0.446,0.071,1.505,0.083,0,0,km
LINE2,2,3,ABC,0.11511,m,4c_70,3,0.446,0.071,1.505,0.083,0,0,km
LINE3,3,4,ABC,0.10784,m,4c_70,3,0.446,0.071,1.505,0.083,0,0,km
LINE4,4,5,ABC,0.094021,m,4c_70,3,0.446,0.071,1.505,0.083,0,0,km
LINE5,5,6,ABC,0.14812,m,4c_70,3,0.446,0.071,1.505,0.083,0,0,km
LINE6,6,7,ABC,10.0863,m,4c_70,3,0.446,0.071,1.505,0.083,0,0,km
LINE7,7,8,ABC,0.45175,m,4c_70,3,0.446,0.071,1.505,0.083,0,0,km
LINE8,8,9,ABC,0.376,m,4c_70,3,0.446,0.071,1.505,0.083,0,0,km
LINE9,9,10,ABC,0.32997,m,4c_70,3,0.446,0.071,1.505,0.083,0,0,km
LINE10,10,11,ABC,0.24622,m,4c_70,3,0.446,0.071,1.505,0.083,0,0,km
LINE11,11,12,ABC,0.23114,m,4c_70,3,0.446,0.071,1.505,0.083,0,0,km
LINE12,12,13,ABC,0.14213,m,4c_70,3,0.446,0.071,1.505,0.083,0,0,km
LINE13,13,14,ABC,0.35384,m,4c_70,3,0.446,0.071,1.505,0.083,0,0,km
LINE14,14,15,ABC,2.8664,m,4c_70,3,0.446,0.071,1.505,0.083,0,0,km
LINE15,15,16,ABC,0.09654,m,2c_.007,3,3.97,0.099,3.97,0.099,0,0,km
LINE16,15,17,ABC,3.476,m,4c_70,3,0.446,0.071,1.505,0.083,0,0,km
LINE17,16,18,ABC,0.044045,m,2c_.007,3,3.97,0.099,3.97,0.099,0,0,km
LINE18,17,19,ABC,0.23917,m,4c_70,3,0.446,0.071,1.505,0.083,0,0,km
LINE19,18,20,ABC,0.046174,m,2c_.007,3,3.97,0.099,3.97,0.099,0,0,km
LINE20,19,21,ABC,0.26856,m,4c_70,3,0.446,0.071,1.505,0.083,0,0,km
LINE21,20,22,ABC,0.041976,m,2c_.007,3,3.97,0.099,3.97,0.099,0,0,km
LINE22,21,23,ABC,0.43727,m,4c_70,3,0.446,0.071,1.505,0.083,0,0,km
LINE23,22,24,ABC,0.051245,m,2c_.007,3,3.97,0.099,3.97,0.099,0,0,km
LINE24,23,25,ABC,0.7955,m,4c_70,3,0.446,0.071,1.505,0.083,0,0,km
LINE25,24,26,ABC,0.055902,m,2c_.007,3,3.97,0.099,3.97,0.099,0,0,km
LINE26,25,27,ABC,5.9049,m,2c_16,3,1.15,0.088,1.2,0.088,0,0,km
LINE27,25,28,ABC,9.9686,m,4c_70,3,0.446,0.071,1.505,0.083,0,0,km
LINE28,26,29,ABC,0.054562,m,2c_.007,3,3.97,0.099,3.97,0.099,0,0,km
LINE29,27,30,ABC,1.6265,m,2c_16,3,1.15,0.088,1.2,0.088,0,0,km
LINE30,27,31,ABC,1.5847,m,2c_16,3,1.15,0.088,1.2,0.088,0,0,km
LINE31,28,32,ABC,2.6538,m,4c_70,3,0.446,0.071,1.505,0.083,0,0,km
LINE32,29,33,ABC,0.14629,m,2c_.007,3,3.97,0.099,3.97,0.099,0,0,km
LINE33,30,34,ABC,3.7248,m,2c_16,3,1.15,0.088,1.2,0.088,0,0,km
LINE34,31,35,ABC,0.053666,m,2c_16,3,1.15,0.088,1.2,0.088,0,0,km
LINE35,32,36,ABC,5.7265,m,2c_16,3,1.15,0.088,1.2,0.088,0,0,km
LINE36,32,37,ABC,8.0244,m,4c_70,3,0.446,0.071,1.505,0.083,0,0,km
LINE37,33,38,ABC,0.13648,m,2c_.007,3,3.97,0.099,3.97,0.099,0,0,km
LINE38,35,39,ABC,0.077162,m,2c_16,3,1.15,0.088,1.2,0.088,0,0,km
LINE39,36,40,ABC,0.40004,m,2c_16,3,1.15,0.088,1.2,0.088,0,0,km
LINE40,36,41,ABC,1.8063,m,2c_16,3,1.15,0.088,1.2,0.088,0,0,km
LINE41,37,42,ABC,5.5684,m,4c_70,3,0.446,0.071,1.505,0.083,0,0,km
LINE42,37,43,ABC,0.21675,m,4c_185,3,0.166,0.068,0.58,0.078,0,0,km
LINE43,38,44,ABC,0.033838,m,2c_.007,3,3.97,0.099,3.97,0.099,0,0,km
LINE44,39,45,ABC,0.098955,m,2c_16,3,1.15,0.088,1.2,0.088,0,0,km
LINE45,40,46,ABC,0.18031,m,2c_16,3,1.15,0.088,1.2,0.088,0,0,km
LINE46,41,47,ABC,4.3463,m,2c_16,3,1.15,0.088,1.2,0.088,0,0,km
LINE47,42,48,ABC,4.2078,m,4c_70,3,0.446,0.071,1.505,0.083,0,0,km
LINE48,43,49,ABC,0.10436,m,4c_185,3,0.166,0.068,0.58,0.078,0,0,km
LINE49,44,50,ABC,0.048104,m,2c_.007,3,3.97,0.099,3.97,0.099,0,0,km
LINE50,45,51,ABC,0.241,m,2c_16,3,1.15,0.088,1.2,0.088,0,0,km
LINE51,46,52,ABC,0.19109,m,2c_16,3,1.15,0.088,1.2,0.088,0,0,km
LINE52,48,53,ABC,0.60668,m,4c_70,3,0.446,0.071,1.505,0.083,0,0,km
LINE53,48,54,ABC,0.63949,m,4c_70,3,0.446,0.071,1.505,0.083,0,0,km
LINE54,49,55,ABC,0.11625,m,4c_185,3,0.166,0.068,0.58,0.078,0,0,km
LINE55,50,56,ABC,0.087664,m,2c_.007,3,3.97,0.099,3.97,0.099,0,0,km
LINE56,51,57,ABC,0.20634,m,2c_16,3,1.15,0.088,1.2,0.088,0,0,km
LINE57,52,58,ABC,0.182,m,2c_16,3,1.15,0.088,1.2,0.088,0,0,km
LINE58,53,59,ABC,2.7481,m,4c_70,3,0.446,0.071,1.505,0.083,0,0,km
LINE59,54,60,ABC,0.065368,m,4c_70,3,0.446,0.071,1.505,0.083,0,0,km
LINE60,55,61,ABC,0.10028,m,4c_185,3,0.166,0.068,0.58,0.078,0,0,km
LINE61,56,62,ABC,0.078,m,2c_.007,3,3.97,0.099,3.97,0.099,0,0,km
LINE62,57,63,ABC,0.98912,m,2c_16,3,1.15,0.088,1.2,0.088,0,0,km
LINE63,58,64,ABC,0.109,m,2c_16,3,1.15,0.088,1.2,0.088,0,0,km
LINE64,59,65,ABC,0.55868,m,4c_70,3,0.446,0.071,1.505,0.083,0,0,km
LINE65,59,66,ABC,8.2583,m,2c_16,3,1.15,0.088,1.2,0.088,0,0,km
LINE66,60,67,ABC,0.074,m,4c_70,3,0.446,0.071,1.505,0.083,0,0,km
LINE67,61,68,ABC,0.096042,m,4c_185,3,0.166,0.068,0.58,0.078,0,0,km
LINE68,62,69,ABC,0.083241,m,2c_.007,3,3.97,0.099,3.97,0.099,0,0,km
LINE69,63,70,ABC,3.4962,m,2c_16,3,1.15,0.088,1.2,0.088,0,0,km
LINE70,64,71,ABC,0.21385,m,2c_16,3,1.15,0.088,1.2,0.088,0,0,km
LINE71,65,72,ABC,6.6006,m,4c_70,3,0.446,0.071,1.505,0.083,0,0,km
LINE72,66,73,ABC,4.0366,m,2c_16,3,1.15,0.088,1.2,0.088,0,0,km
LINE73,66,74,ABC,4.0366,m,2c_16,3,1.15,0.088,1.2,0.088,0,0,km
LINE74,67,75,ABC,0.17951,m,4c_70,3,0.446,0.071,1.505,0.083,0,0,km
LINE75,68,76,ABC,0.23551,m,4c_185,3,0.166,0.068,0.58,0.078,0,0,km
LINE76,69,77,ABC,0.38907,m,2c_.007,3,3.97,0.099,3.97,0.099,0,0,km
LINE77,71,78,ABC,1.0838,m,2c_16,3,1.15,0.088,1.2,0.088,0,0,km
LINE78,72,79,ABC,2.3008,m,4c_70,3,0.446,0.071,1.505,0.083,0,0,km
LINE79,75,80,ABC,0.10362,m,4c_70,3,0.446,0.071,1.505,0.083,0,0,km
LINE80,76,81,ABC,0.7469,m,4c_185,3,0.166,0.068,0.58,0.078,0,0,km
LINE81,77,82,ABC,0.51088,m,2c_.007,3,3.97,0.099,3.97,0.099,0,0,km
LINE82,78,83,ABC,4.084,m,2c_16,3,1.15,0.088,1.2,0.088,0,0,km
LINE83,79,84,ABC,0.50211,m,4c_70,3,0.446,0.071,1.505,0.083,0,0,km
LINE84,80,85,ABC,0.11122,m,4c_70,3,0.446,0.071,1.505,0.083,0,0,km
LINE85,81,86,ABC,1.4388,m,4c_185,3,0.166,0.068,0.58,0.078,0,0,km
LINE86,82,87,ABC,0.31045,m,2c_.007,3,3.97,0.099,3.97,0.099,0,0,km
LINE87,84,88,ABC,1.0182,m,4c_70,3,0.446,0.071,1.505,0.083,0,0,km
LINE88,85,89,ABC,0.1048,m,4c_70,3,0.446,0.071,1.505,0.083,0,0,km
LINE89,86,90,ABC,0.34251,m,4c_185,3,0.166,0.068,0.58,0.078,0,0,km
LINE90,87,91,ABC,0.11206,m,2c_.007,3,3.97,0.099,3.97,0.099,0,0,km
LINE91,88,92,ABC,0.96021,m,4c_70,3,0.446,0.071,1.505,0.083,0,0,km
LINE92,90,93,ABC,0.065307,m,4c_185,3,0.166,0.068,0.58,0.078,0,0,km
LINE93,91,94,ABC,0.034785,m,2c_.007,3,3.97,0.099,3.97,0.099,0,0,km
LINE94,92,95,ABC,0.55811,m,4c_70,3,0.446,0.071,1.505,0.083,0,0,km
LINE95,93,96,ABC,0.086052,m,4c_185,3,0.166,0.068,0.58,0.078,0,0,km
LINE96,94,97,ABC,0.03677,m,2c_.007,3,3.97,0.099,3.97,0.099,0,0,km
LINE97,95,98,ABC,0.36859,m,4c_70,3,0.446,0.071,1.505,0.083,0,0,km
LINE98,96,99,ABC,0.037216,m,4c_185,3,0.166,0.068,0.58,0.078,0,0,km
LINE99,97,100,ABC,0.089588,m,2c_.007,3,3.97,0.099,3.97,0.099,0,0,km
LINE100,98,101,ABC,0.50892,m,4c_70,3,0.446,0.071,1.505,0.083,0,0,km
LINE101,99,102,ABC,5.0819,m,4c_185,3,0.166,0.068,0.58,0.078,0,0,km
LINE102,100,103,ABC,0.28583,m,2c_.007,3,3.97,0.099,3.97,0.099,0,0,km
LINE103,101,104,ABC,0.28838,m,4c_.35,3,0.089,0.0675,0.319,0.076,0,0,km
LINE104,101,105,ABC,0.33602,m,4c_70,3,0.446,0.071,1.505,0.083,0,0,km
LINE105,102,106,ABC,0.22108,m,4c_185,3,0.166,0.068,0.58,0.078,0,0,km
LINE106,104,107,ABC,0.3489,m,4c_.35,3,0.089,0.0675,0.319,0.076,0,0,km
LINE107,105,108,ABC,0.19054,m,4c_70,3,0.446,0.071,1.505,0.083,0,0,km
LINE108,106,109,ABC,0.45085,m,4c_185,3,0.166,0.068,0.58,0.078,0,0,km
LINE109,107,110,ABC,0.4044,m,4c_.35,3,0.089,0.0675,0.319,0.076,0,0,km
LINE110,108,111,ABC,7.5182,m,4c_70,3,0.446,0.071,1.505,0.083,0,0,km
LINE111,109,112,ABC,11.9766,m,4c_185,3,0.166,0.068,0.58,0.078,0,0,km
LINE112,110,113,ABC,0.61659,m,4c_.35,3,0.089,0.0675,0.319,0.076,0,0,km
LINE113,111,114,ABC,0.75316,m,4c_70,3,0.446,0.071,1.505,0.083,0,0,km
LINE114,112,115,ABC,10.6613,m,4c_185,3,0.166,0.068,0.58,0.078,0,0,km
LINE115,113,116,ABC,0.79271,m,4c_.35,3,0.089,0.0675,0.319,0.076,0,0,km
LINE116,114,117,ABC,1.1056,m,4c_.35,3,0.089,0.0675,0.319,0.076,0,0,km
LINE117,114,118,ABC,3.6556,m,4c_.1,3,0.274,0.073,0.959,0.079,0,0,km
LINE118,115,119,ABC,0.99464,m,4c_185,3,0.166,0.068,0.58,0.078,0,0,km
LINE119,116,120,ABC,0.56909,m,4c_.35,3,0.089,0.0675,0.319,0.076,0,0,km
LINE120,117,121,ABC,0.19481,m,2c_.007,3,3.97,0.099,3.97,0.099,0,0,km
LINE121,117,122,ABC,0.53831,m,4c_.35,3,0.089,0.0675,0.319,0.076,0,0,km
LINE122,118,123,ABC,6.5924,m,4c_.1,3,0.274,0.073,0.959,0.079,0,0,km
LINE123,119,124,ABC,0.7248,m,4c_185,3,0.166,0.068,0.58,0.078,0,0,km
LINE124,120,125,ABC,0.80412,m,4c_.35,3,0.089,0.0675,0.319,0.076,0,0,km
LINE125,121,126,ABC,0.16869,m,2c_.007,3,3.97,0.099,3.97,0.099,0,0,km
LINE126,122,127,ABC,2.5288,m,4c_.35,3,0.089,0.0675,0.319,0.076,0,0,km
LINE127,123,128,ABC,2.9646,m,4c_.1,3,0.274,0.073,0.959,0.079,0,0,km
LINE128,124,129,ABC,0.62512,m,4c_185,3,0.166,0.068,0.58,0.078,0,0,km
LINE129,125,130,ABC,0.87,m,4c_.35,3,0.089,0.0675,0.319,0.076,0,0,km
LINE130,126,131,ABC,0.11915,m,2c_.007,3,3.97,0.099,3.97,0.099,0,0,km
LINE131,127,132,ABC,3.8212,m,2c_16,3,1.15,0.088,1.2,0.088,0,0,km
LINE132,127,133,ABC,7.1782,m,4c_.35,3,0.089,0.0675,0.319,0.076,0,0,km
LINE133,128,134,ABC,0.88205,m,4c_.1,3,0.274,0.073,0.959,0.079,0,0,km
LINE134,129,135,ABC,1.9203,m,4c_185,3,0.166,0.068,0.58,0.078,0,0,km
LINE135,130,136,ABC,0.82048,m,4c_.35,3,0.089,0.0675,0.319,0.076,0,0,km
LINE136,131,137,ABC,0.18436,m,2c_.007,3,3.97,0.099,3.97,0.099,0,0,km
LINE137,132,138,ABC,0.32908,m,2c_16,3,1.15,0.088,1.2,0.088,0,0,km
LINE138,133,139,ABC,5.3402,m,4c_.35,3,0.089,0.0675,0.319,0.076,0,0,km
LINE139,134,140,ABC,0.99566,m,4c_.1,3,0.274,0.073,0.959,0.079,0,0,km
LINE140,135,141,ABC,1.4127,m,4c_185,3,0.166,0.068,0.58,0.078,0,0,km
LINE141,136,142,ABC,1.349,m,4c_.35,3,0.089,0.0675,0.319,0.076,0,0,km
LINE142,137,143,ABC,0.21781,m,2c_.007,3,3.97,0.099,3.97,0.099,0,0,km
LINE143,138,144,ABC,0.32289,m,2c_16,3,1.15,0.088,1.2,0.088,0,0,km
LINE144,139,145,ABC,3.5762,m,4c_.35,3,0.089,0.0675,0.319,0.076,0,0,km
LINE145,140,146,ABC,0.9364,m,4c_.1,3,0.274,0.073,0.959,0.079,0,0,km
LINE146,141,147,ABC,0.24053,m,4c_185,3,0.166,0.068,0.58,0.078,0,0,km
LINE147,142,148,ABC,6.4142,m,4c_.35,3,0.089,0.0675,0.319,0.076,0,0,km
LINE148,143,149,ABC,0.19401,m,2c_.007,3,3.97,0.099,3.97,0.099,0,0,km
LINE149,144,150,ABC,0.26072,m,2c_16,3,1.15,0.088,1.2,0.088,0,0,km
LINE150,145,151,ABC,3.5713,m,4c_.35,3,0.089,0.0675,0.319,0.076,0,0,km
LINE151,145,152,ABC,5.1314,m,2c_16,3,1.15,0.088,1.2,0.088,0,0,km
LINE152,146,153,ABC,1.0926,m,4c_.1,3,0.274,0.073,0.959,0.079,0,0,km
LINE153,147,154,ABC,0.083096,m,4c_185,3,0.166,0.068,0.58,0.078,0,0,km
LINE154,148,155,ABC,1.3973,m,4c_.35,3,0.089,0.0675,0.319,0.076,0,0,km
LINE155,149,156,ABC,0.2191,m,2c_.007,3,3.97,0.099,3.97,0.099,0,0,km
LINE156,150,157,ABC,0.39132,m,2c_16,3,1.15,0.088,1.2,0.088,0,0,km
LINE157,151,158,ABC,9.4713,m,4c_.35,3,0.089,0.0675,0.319,0.076,0,0,km
LINE158,152,159,ABC,0.31233,m,2c_16,3,1.15,0.088,1.2,0.088,0,0,km
LINE159,153,160,ABC,0.31439,m,4c_.1,3,0.274,0.073,0.959,0.079,0,0,km
LINE160,154,161,ABC,0.12256,m,4c_185,3,0.166,0.068,0.58,0.078,0,0,km
LINE161,155,162,ABC,11.7422,m,2c_16,3,1.15,0.088,1.2,0.088,0,0,km
LINE162,155,163,ABC,5.2844,m,4c_.35,3,0.089,0.0675,0.319,0.076,0,0,km
LINE163,156,164,ABC,0.20342,m,2c_.007,3,3.97,0.099,3.97,0.099,0,0,km
LINE164,157,165,ABC,0.47178,m,2c_16,3,1.15,0.088,1.2,0.088,0,0,km
LINE165,158,166,ABC,3.2899,m,4c_.35,3,0.089,0.0675,0.319,0.076,0,0,km
LINE166,159,167,ABC,0.28533,m,2c_16,3,1.15,0.088,1.2,0.088,0,0,km
LINE167,160,168,ABC,1.7861,m,4c_.1,3,0.274,0.073,0.959,0.079,0,0,km
LINE168,161,169,ABC,0.24958,m,4c_185,3,0.166,0.068,0.58,0.078,0,0,km
LINE169,162,170,ABC,2.2183,m,2c_16,3,1.15,0.088,1.2,0.088,0,0,km
LINE170,163,171,ABC,7.0156,m,4c_.35,3,0.089,0.0675,0.319,0.076,0,0,km
LINE171,164,172,ABC,0.1727,m,2c_.007,3,3.97,0.099,3.97,0.099,0,0,km
LINE172,165,173,ABC,0.35642,m,2c_16,3,1.15,0.088,1.2,0.088,0,0,km
LINE173,166,174,ABC,3.9183,m,4c_.35,3,0.089,0.0675,0.319,0.076,0,0,km
LINE174,166,175,ABC,4.2045,m,2c_16,3,1.15,0.088,1.2,0.088,0,0,km
LINE175,167,176,ABC,0.11853,m,2c_16,3,1.15,0.088,1.2,0.088,0,0,km
LINE176,168,177,ABC,1.0088,m,4c_.1,3,0.274,0.073,0.959,0.079,0,0,km
LINE177,170,178,ABC,4.5768,m,2c_16,3,1.15,0.088,1.2,0.088,0,0,km
LINE178,171,179,ABC,1.1818,m,4c_.35,3,0.089,0.0675,0.319,0.076,0,0,km
LINE179,171,180,ABC,2.4224,m,2c_16,3,1.15,0.088,1.2,0.088,0,0,km
LINE180,172,181,ABC,0.17961,m,2c_.007,3,3.97,0.099,3.97,0.099,0,0,km
LINE181,173,182,ABC,0.41244,m,2c_16,3,1.15,0.088,1.2,0.088,0,0,km
LINE182,174,183,ABC,0.58763,m,4c_.35,3,0.089,0.0675,0.319,0.076,0,0,km
LINE183,175,184,ABC,0.45409,m,2c_16,3,1.15,0.088,1.2,0.088,0,0,km
LINE184,176,185,ABC,0.25549,m,2c_16,3,1.15,0.088,1.2,0.088,0,0,km
LINE185,177,186,ABC,0.74886,m,4c_.1,3,0.274,0.073,0.959,0.079,0,0,km
LINE186,179,187,ABC,4.6507,m,4c_.35,3,0.089,0.0675,0.319,0.076,0,0,km
LINE187,180,188,ABC,10.0258,m,2c_16,3,1.15,0.088,1.2,0.088,0,0,km
LINE188,181,189,ABC,0.15412,m,2c_.007,3,3.97,0.099,3.97,0.099,0,0,km
LINE189,182,190,ABC,0.3878,m,2c_16,3,1.15,0.088,1.2,0.088,0,0,km
LINE190,183,191,ABC,2.3151,m,4c_.35,3,0.089,0.0675,0.319,0.076,0,0,km
LINE191,183,192,ABC,0.27791,m,4c_.35,3,0.089,0.0675,0.319,0.076,0,0,km
LINE192,184,193,ABC,0.43923,m,2c_16,3,1.15,0.088,1.2,0.088,0,0,km
LINE193,185,194,ABC,0.65073,m,2c_16,3,1.15,0.088,1.2,0.088,0,0,km
LINE194,186,195,ABC,0.67326,m,4c_.1,3,0.274,0.073,0.959,0.079,0,0,km
LINE195,187,196,ABC,8.3036,m,4c_.35,3,0.089,0.0675,0.319,0.076,0,0,km
LINE196,188,197,ABC,1.9595,m,2c_16,3,1.15,0.088,1.2,0.088,0,0,km
LINE197,188,198,ABC,1.1325,m,2c_16,3,1.15,0.088,1.2,0.088,0,0,km
LINE198,189,199,ABC,0.19148,m,2c_.007,3,3.97,0.099,3.97,0.099,0,0,km
LINE199,190,200,ABC,0.41725,m,2c_16,3,1.15,0.088,1.2,0.088,0,0,km
LINE200,191,201,ABC,0.9314,m,4c_.35,3,0.089,0.0675,0.319,0.076,0,0,km
LINE201,192,202,ABC,0.16447,m,4c_.35,3,0.089,0.0675,0.319,0.076,0,0,km
LINE202,193,203,ABC,0.35134,m,2c_16,3,1.15,0.088,1.2,0.088,0,0,km
LINE203,194,204,ABC,0.38178,m,2c_16,3,1.15,0.088,1.2,0.088,0,0,km
LINE204,195,205,ABC,0.83638,m,4c_.1,3,0.274,0.073,0.959,0.079,0,0,km
LINE205,196,206,ABC,3.2475,m,2c_16,3,1.15,0.088,1.2,0.088,0,0,km
LINE206,196,207,ABC,2.1371,m,4c_.35,3,0.089,0.0675,0.319,0.076,0,0,km
LINE207,197,208,ABC,4.9541,m,2c_16,3,1.15,0.088,1.2,0.088,0,0,km
LINE208,198,209,ABC,0.16008,m,2c_16,3,1.15,0.088,1.2,0.088,0,0,km
LINE209,199,210,ABC,0.44838,m,2c_.007,3,3.97,0.099,3.97,0.099,0,0,km
LINE210,200,211,ABC,0.63785,m,2c_16,3,1.15,0.088,1.2,0.088,0,0,km
LINE211,202,212,ABC,0.15526,m,4c_.35,3,0.089,0.0675,0.319,0.076,0,0,km
LINE212,203,213,ABC,0.27987,m,2c_16,3,1.15,0.088,1.2,0.088,0,0,km
LINE213,204,214,ABC,0.2674,m,2c_16,3,1.15,0.088,1.2,0.088,0,0,km
LINE214,205,215,ABC,1.5434,m,4c_.1,3,0.274,0.073,0.959,0.079,0,0,km
LINE215,206,216,ABC,10.6295,m,2c_16,3,1.15,0.088,1.2,0.088,0,0,km
LINE216,207,217,ABC,3.8571,m,4c_.35,3,0.089,0.0675,0.319,0.076,0,0,km
LINE217,209,218,ABC,0.1291,m,2c_16,3,1.15,0.088,1.2,0.088,0,0,km
LINE218,210,219,ABC,0.67215,m,2c_.007,3,3.97,0.099,3.97,0.099,0,0,km
LINE219,211,220,ABC,1.7419,m,2c_16,3,1.15,0.088,1.2,0.088,0,0,km
LINE220,212,221,ABC,0.17006,m,4c_.35,3,0.089,0.0675,0.319,0.076,0,0,km
LINE221,213,222,ABC,0.59169,m,2c_16,3,1.15,0.088,1.2,0.088,0,0,km
LINE222,214,223,ABC,0.51437,m,2c_16,3,1.15,0.088,1.2,0.088,0,0,km
LINE223,215,224,ABC,1.3456,m,4c_.1,3,0.274,0.073,0.959,0.079,0,0,km
LINE224,216,225,ABC,4.5822,m,2c_16,3,1.15,0.088,1.2,0.088,0,0,km
LINE225,217,226,ABC,1.3772,m,4c_.35,3,0.089,0.0675,0.319,0.076,0,0,km
LINE226,218,227,ABC,0.10317,m,2c_16,3,1.15,0.088,1.2,0.088,0,0,km
LINE227,220,228,ABC,0.14852,m,2c_16,3,1.15,0.088,1.2,0.088,0,0,km
LINE228,221,229,ABC,0.23273,m,4c_.35,3,0.089,0.0675,0.319,0.076,0,0,km
LINE229,222,230,ABC,0.46597,m,2c_16,3,1.15,0.088,1.2,0.088,0,0,km
LINE230,223,231,ABC,0.25602,m,2c_16,3,1.15,0.088,1.2,0.088,0,0,km
LINE231,224,232,ABC,0.91534,m,4c_.1,3,0.274,0.073,0.959,0.079,0,0,km
LINE232,226,233,ABC,11.8949,m,2c_16,3,1.15,0.088,1.2,0.088,0,0,km
LINE233,226,234,ABC,1.1273,m,4c_.35,3,0.089,0.0675,0.319,0.076,0,0,km
LINE234,227,235,ABC,0.15749,m,2c_16,3,1.15,0.088,1.2,0.088,0,0,km
LINE235,228,236,ABC,0.0686,m,2c_16,3,1.15,0.088,1.2,0.088,0,0,km
LINE236,229,237,ABC,0.20742,m,4c_.35,3,0.089,0.0675,0.319,0.076,0,0,km
LINE237,230,238,ABC,0.32322,m,2c_16,3,1.15,0.088,1.2,0.088,0,0,km
LINE238,231,239,ABC,0.18179,m,2c_16,3,1.15,0.088,1.2,0.088,0,0,km
LINE239,232,240,ABC,0.6013,m,4c_.1,3,0.274,0.073,0.959,0.079,0,0,km
LINE240,233,241,ABC,1.7274,m,2c_16,3,1.15,0.088,1.2,0.088,0,0,km
LINE241,235,242,ABC,0.18461,m,2c_16,3,1.15,0.088,1.2,0.088,0,0,km
LINE242,236,243,ABC,0.073376,m,2c_16,3,1.15,0.088,1.2,0.088,0,0,km
LINE243,237,244,ABC,0.16881,m,4c_.35,3,0.089,0.0675,0.319,0.076,0,0,km
LINE244,238,245,ABC,0.32245,m,2c_16,3,1.15,0.088,1.2,0.088,0,0,km
LINE245,239,246,ABC,2.0796,m,2c_16,3,1.15,0.088,1.2,0.088,0,0,km
LINE246,240,247,ABC,1.2941,m,4c_.1,3,0.274,0.073,0.959,0.079,0,0,km
LINE247,241,248,ABC,5.3022,m,2c_16,3,1.15,0.088,1.2,0.088,0,0,km
LINE248,241,249,ABC,5.3022,m,2c_16,3,1.15,0.088,1.2,0.088,0,0,km
LINE249,242,250,ABC,0.28355,m,2c_16,3,1.15,0.088,1.2,0.088,0,0,km
LINE250,243,251,ABC,0.070114,m,2c_16,3,1.15,0.088,1.2,0.088,0,0,km
LINE251,244,252,ABC,0.13297,m,4c_.35,3,0.089,0.0675,0.319,0.076,0,0,km
LINE252,245,253,ABC,0.47173,m,2c_16,3,1.15,0.088,1.2,0.088,0,0,km
LINE253,246,254,ABC,0.61324,m,2c_16,3,1.15,0.088,1.2,0.088,0,0,km
LINE254,247,255,ABC,4.5618,m,2c_16,3,1.15,0.088,1.2,0.088,0,0,km
LINE255,247,256,ABC,0.85678,m,4c_.1,3,0.274,0.073,0.959,0.079,0,0,km
LINE256,250,257,ABC,1.0376,m,2c_16,3,1.15,0.088,1.2,0.088,0,0,km
LINE257,251,258,ABC,0.07811,m,2c_16,3,1.15,0.088,1.2,0.088,0,0,km
LINE258,252,259,ABC,0.17323,m,4c_.35,3,0.089,0.0675,0.319,0.076,0,0,km
LINE259,253,260,ABC,1.7742,m,2c_16,3,1.15,0.088,1.2,0.088,0,0,km
LINE260,254,261,ABC,0.1372,m,2c_16,3,1.15,0.088,1.2,0.088,0,0,km
LINE261,255,262,ABC,0.6306,m,2c_16,3,1.15,0.088,1.2,0.088,0,0,km
LINE262,256,263,ABC,3.2128,m,4c_.1,3,0.274,0.073,0.959,0.079,0,0,km
LINE263,257,264,ABC,5.05,m,2c_16,3,1.15,0.088,1.2,0.088,0,0,km
LINE264,258,265,ABC,0.16123,m,2c_16,3,1.15,0.088,1.2,0.088,0,0,km
LINE265,259,266,ABC,0.19436,m,4c_.35,3,0.089,0.0675,0.319,0.076,0,0,km
LINE266,260,267,ABC,0.4141,m,2c_16,3,1.15,0.088,1.2,0.088,0,0,km
LINE267,261,268,ABC,3.4578,m,2c_16,3,1.15,0.088,1.2,0.088,0,0,km
LINE268,261,269,ABC,0.11871,m,2c_16,3,1.15,0.088,1.2,0.088,0,0,km
LINE269,262,270,ABC,0.28991,m,2c_16,3,1.15,0.088,1.2,0.088,0,0,km
LINE270,263,271,ABC,4.2547,m,2c_16,3,1.15,0.088,1.2,0.088,0,0,km
LINE271,263,272,ABC,1.0792,m,4c_.1,3,0.274,0.073,0.959,0.079,0,0,km
LINE272,265,273,ABC,0.16792,m,2c_16,3,1.15,0.088,1.2,0.088,0,0,km
LINE273,266,274,ABC,0.17888,m,4c_.35,3,0.089,0.0675,0.319,0.076,0,0,km
LINE274,267,275,ABC,0.18971,m,2c_16,3,1.15,0.088,1.2,0.088,0,0,km
LINE275,268,276,ABC,3.4268,m,2c_16,3,1.15,0.088,1.2,0.088,0,0,km
LINE276,269,277,ABC,0.13918,m,2c_16,3,1.15,0.088,1.2,0.088,0,0,km
LINE277,270,278,ABC,0.34433,m,2c_16,3,1.15,0.088,1.2,0.088,0,0,km
LINE278,271,279,ABC,0.30927,m,2c_16,3,1.15,0.088,1.2,0.088,0,0,km
LINE279,272,280,ABC,3.9121,m,4c_.1,3,0.274,0.073,0.959,0.079,0,0,km
LINE280,273,281,ABC,0.63854,m,2c_16,3,1.15,0.088,1.2,0.088,0,0,km
LINE281,274,282,ABC,0.60542,m,4c_.35,3,0.089,0.0675,0.319,0.076,0,0,km
LINE282,275,283,ABC,0.12472,m,2c_16,3,1.15,0.088,1.2,0.088,0,0,km
LINE283,277,284,ABC,0.12578,m,2c_16,3,1.15,0.088,1.2,0.088,0,0,km
LINE284,278,285,ABC,0.53126,m,2c_16,3,1.15,0.088,1.2,0.088,0,0,km
LINE285,279,286,ABC,0.25491,m,2c_16,3,1.15,0.088,1.2,0.088,0,0,km
LINE286,280,287,ABC,1.7542,m,4c_.06,3,0.469,0.075,1.581,0.091,0,0,km
LINE287,280,288,ABC,0.91306,m,4c_.1,3,0.274,0.073,0.959,0.079,0,0,km
LINE288,281,289,ABC,3.3901,m,2c_16,3,1.15,0.088,1.2,0.088,0,0,km
LINE289,282,290,ABC,0.81044,m,4c_.35,3,0.089,0.0675,0.319,0.076,0,0,km
LINE290,283,291,ABC,0.87618,m,2c_16,3,1.15,0.088,1.2,0.088,0,0,km
LINE291,283,292,ABC,0.10807,m,2c_16,3,1.15,0.088,1.2,0.088,0,0,km
LINE292,284,293,ABC,0.12739,m,2c_16,3,1.15,0.088,1.2,0.088,0,0,km
LINE293,285,294,ABC,0.47339,m,2c_16,3,1.15,0.088,1.2,0.088,0,0,km
LINE294,286,295,ABC,0.36208,m,2c_16,3,1.15,0.088,1.2,0.088,0,0,km
LINE295,287,296,ABC,0.80742,m,4c_.06,3,0.469,0.075,1.581,0.091,0,0,km
LINE296,288,297,ABC,3.8266,m,4c_.1,3,0.274,0.073,0.959,0.079,0,0,km
LINE297,291,298,ABC,0.40248,m,2c_16,3,1.15,0.088,1.2,0.088,0,0,km
LINE298,292,299,ABC,0.076485,m,2c_16,3,1.15,0.088,1.2,0.088,0,0,km
LINE299,293,300,ABC,0.13697,m,2c_16,3,1.15,0.088,1.2,0.088,0,0,km
LINE300,294,301,ABC,0.36805,m,2c_16,3,1.15,0.088,1.2,0.088,0,0,km
LINE301,295,302,ABC,1.6263,m,2c_16,3,1.15,0.088,1.2,0.088,0,0,km
LINE302,296,303,ABC,5.2746,m,4c_.06,3,0.469,0.075,1.581,0.091,0,0,km
LINE303,297,304,ABC,0.84468,m,4c_.1,3,0.274,0.073,0.959,0.079,0,0,km
LINE304,298,305,ABC,0.68119,m,2c_16,3,1.15,0.088,1.2,0.088,0,0,km
LINE305,299,306,ABC,0.089006,m,2c_16,3,1.15,0.088,1.2,0.088,0,0,km
LINE306,300,307,ABC,0.79435,m,2c_16,3,1.15,0.088,1.2,0.088,0,0,km
LINE307,301,308,ABC,0.45813,m,2c_16,3,1.15,0.088,1.2,0.088,0,0,km
LINE308,302,309,ABC,0.31308,m,2c_16,3,1.15,0.088,1.2,0.088,0,0,km
LINE309,303,310,ABC,0.39397,m,4c_.06,3,0.469,0.075,1.581,0.091,0,0,km
LINE310,304,311,ABC,0.28067,m,4c_.1,3,0.274,0.073,0.959,0.079,0,0,km
LINE311,305,312,ABC,1.3075,m,2c_16,3,1.15,0.088,1.2,0.088,0,0,km
LINE312,306,313,ABC,0.17024,m,2c_16,3,1.15,0.088,1.2,0.088,0,0,km
LINE313,307,314,ABC,3.3598,m,2c_16,3,1.15,0.088,1.2,0.088,0,0,km
LINE314,308,315,ABC,0.47384,m,2c_16,3,1.15,0.088,1.2,0.088,0,0,km
LINE315,309,316,ABC,0.23181,m,2c_16,3,1.15,0.088,1.2,0.088,0,0,km
LINE316,310,317,ABC,0.64903,m,2c_16,3,1.15,0.088,1.2,0.088,0,0,km
LINE317,310,318,ABC,7.2163,m,4c_.06,3,0.469,0.075,1.581,0.091,0,0,km
LINE318,311,319,ABC,0.14649,m,4c_.1,3,0.274,0.073,0.959,0.079,0,0,km
LINE319,312,320,ABC,3.8495,m,2c_16,3,1.15,0.088,1.2,0.088,0,0,km
LINE320,313,321,ABC,0.6529,m,2c_16,3,1.15,0.088,1.2,0.088,0,0,km
LINE321,315,322,ABC,0.55892,m,2c_16,3,1.15,0.088,1.2,0.088,0,0,km
LINE322,316,323,ABC,0.26702,m,2c_16,3,1.15,0.088,1.2,0.088,0,0,km
LINE323,317,324,ABC,3.3427,m,2c_16,3,1.15,0.088,1.2,0.088,0,0,km
LINE324,318,325,ABC,3.4631,m,4c_.06,3,0.469,0.075,1.581,0.091,0,0,km
LINE325,319,326,ABC,0.1254,m,4c_.1,3,0.274,0.073,0.959,0.079,0,0,km
LINE326,321,327,ABC,2.2281,m,2c_16,3,1.15,0.088,1.2,0.088,0,0,km
LINE327,322,328,ABC,0.31851,m,2c_16,3,1.15,0.088,1.2,0.088,0,0,km
LINE328,323,329,ABC,0.26488,m,2c_16,3,1.15,0.088,1.2,0.088,0,0,km
LINE329,324,330,ABC,1.167,m,2c_16,3,1.15,0.088,1.2,0.088,0,0,km
LINE330,325,331,ABC,9.1332,m,2c_16,3,1.15,0.088,1.2,0.088,0,0,km
LINE331,325,332,ABC,6.6729,m,4c_.06,3,0.469,0.075,1.581,0.091,0,0,km
LINE332,326,333,ABC,0.14262,m,4c_.1,3,0.274,0.073,0.959,0.079,0,0,km
LINE333,328,334,ABC,1.4389,m,2c_16,3,1.15,0.088,1.2,0.088,0,0,km
LINE334,329,335,ABC,2.327,m,2c_16,3,1.15,0.088,1.2,0.088,0,0,km
LINE335,330,336,ABC,2.5399,m,2c_16,3,1.15,0.088,1.2,0.088,0,0,km
LINE336,331,337,ABC,3.6172,m,2c_16,3,1.15,0.088,1.2,0.088,0,0,km
LINE337,332,338,ABC,6.8067,m,2c_16,3,1.15,0.088,1.2,0.088,0,0,km
LINE338,332,339,ABC,1.2129,m,4c_.06,3,0.469,0.075,1.581,0.091,0,0,km
LINE339,333,340,ABC,0.11236,m,4c_.1,3,0.274,0.073,0.959,0.079,0,0,km
LINE340,334,341,ABC,0.55999,m,2c_16,3,1.15,0.088,1.2,0.088,0,0,km
LINE341,335,342,ABC,4.7567,m,2c_16,3,1.15,0.088,1.2,0.088,0,0,km
LINE342,336,343,ABC,2.082,m,2c_16,3,1.15,0.088,1.2,0.088,0,0,km
LINE343,336,344,ABC,0.9796,m,2c_16,3,1.15,0.088,1.2,0.088,0,0,km
LINE344,338,345,ABC,3.4221,m,2c_16,3,1.15,0.088,1.2,0.088,0,0,km
LINE345,339,346,ABC,1.0391,m,4c_.06,3,0.469,0.075,1.581,0.091,0,0,km
LINE346,340,347,ABC,0.094202,m,4c_.1,3,0.274,0.073,0.959,0.079,0,0,km
LINE347,341,348,ABC,0.19454,m,2c_16,3,1.15,0.088,1.2,0.088,0,0,km
LINE348,343,349,ABC,3.1153,m,2c_16,3,1.15,0.088,1.2,0.088,0,0,km
LINE349,344,350,ABC,0.1364,m,2c_16,3,1.15,0.088,1.2,0.088,0,0,km
LINE350,345,351,ABC,0.31846,m,2c_16,3,1.15,0.088,1.2,0.088,0,0,km
LINE351,346,352,ABC,0.73091,m,4c_.06,3,0.469,0.075,1.581,0.091,0,0,km
LINE352,347,353,ABC,0.085,m,4c_.1,3,0.274,0.073,0.959,0.079,0,0,km
LINE353,348,354,ABC,0.14656,m,2c_16,3,1.15,0.088,1.2,0.088,0,0,km
LINE354,350,355,ABC,0.14814,m,2c_16,3,1.15,0.088,1.2,0.088,0,0,km
LINE355,351,356,ABC,0.13152,m,2c_16,3,1.15,0.088,1.2,0.088,0,0,km
LINE356,352,357,ABC,0.92352,m,4c_.06,3,0.469,0.075,1.581,0.091,0,0,km
LINE357,353,358,ABC,0.070349,m,4c_.1,3,0.274,0.073,0.959,0.079,0,0,km
LINE358,354,359,ABC,0.10723,m,2c_16,3,1.15,0.088,1.2,0.088,0,0,km
LINE359,355,360,ABC,0.12976,m,2c_16,3,1.15,0.088,1.2,0.088,0,0,km
LINE360,356,361,ABC,0.092801,m,2c_16,3,1.15,0.088,1.2,0.088,0,0,km
LINE361,357,362,ABC,0.57867,m,4c_.06,3,0.469,0.075,1.581,0.091,0,0,km
LINE362,358,363,ABC,0.081609,m,4c_.1,3,0.274,0.073,0.959,0.079,0,0,km
LINE363,359,364,ABC,0.054452,m,2c_16,3,1.15,0.088,1.2,0.088,0,0,km
LINE364,360,365,ABC,0.13787,m,2c_16,3,1.15,0.088,1.2,0.088,0,0,km
LINE365,361,366,ABC,0.094921,m,2c_16,3,1.15,0.088,1.2,0.088,0,0,km
LINE366,362,367,ABC,0.88861,m,4c_.06,3,0.469,0.075,1.581,0.091,0,0,km
LINE367,363,368,ABC,0.089694,m,4c_.1,3,0.274,0.073,0.959,0.079,0,0,km
LINE368,364,369,ABC,0.080056,m,2c_16,3,1.15,0.088,1.2,0.088,0,0,km
LINE369,365,370,ABC,0.19677,m,2c_16,3,1.15,0.088,1.2,0.088,0,0,km
LINE370,366,371,ABC,0.112,m,2c_16,3,1.15,0.088,1.2,0.088,0,0,km
LINE371,367,372,ABC,0.88584,m,4c_.06,3,0.469,0.075,1.581,0.091,0,0,km
LINE372,368,373,ABC,0.48898,m,4c_.1,3,0.274,0.073,0.959,0.079,0,0,km
LINE373,369,374,ABC,0.1342,m,2c_16,3,1.15,0.088,1.2,0.088,0,0,km
LINE374,370,375,ABC,0.23921,m,2c_16,3,1.15,0.088,1.2,0.088,0,0,km
LINE375,371,376,ABC,0.14128,m,2c_16,3,1.15,0.088,1.2,0.088,0,0,km
LINE376,372,377,ABC,0.99394,m,4c_.06,3,0.469,0.075,1.581,0.091,0,0,km
LINE377,373,378,ABC,3.6848,m,4c_.1,3,0.274,0.073,0.959,0.079,0,0,km
LINE378,373,379,ABC,1.4115,m,2c_16,3,1.15,0.088,1.2,0.088,0,0,km
LINE379,374,380,ABC,0.59859,m,2c_16,3,1.15,0.088,1.2,0.088,0,0,km
LINE380,375,381,ABC,1.4827,m,2c_16,3,1.15,0.088,1.2,0.088,0,0,km
LINE381,376,382,ABC,0.12653,m,2c_16,3,1.15,0.088,1.2,0.088,0,0,km
LINE382,377,383,ABC,0.71925,m,4c_.06,3,0.469,0.075,1.581,0.091,0,0,km
LINE383,378,384,ABC,3.5292,m,4c_.1,3,0.274,0.073,0.959,0.079,0,0,km
LINE384,379,385,ABC,8.6668,m,2c_16,3,1.15,0.088,1.2,0.088,0,0,km
LINE385,379,386,ABC,1.4561,m,2c_16,3,1.15,0.088,1.2,0.088,0,0,km
LINE386,380,387,ABC,2.2004,m,2c_16,3,1.15,0.088,1.2,0.088,0,0,km
LINE387,381,388,ABC,5.0734,m,2c_16,3,1.15,0.088,1.2,0.088,0,0,km
LINE388,382,389,ABC,0.10012,m,2c_16,3,1.15,0.088,1.2,0.088,0,0,km
LINE389,383,390,ABC,0.85728,m,4c_.06,3,0.469,0.075,1.581,0.091,0,0,km
LINE390,384,391,ABC,0.15711,m,4c_.1,3,0.274,0.073,0.959,0.079,0,0,km
LINE391,385,392,ABC,3.1675,m,2c_16,3,1.15,0.088,1.2,0.088,0,0,km
LINE392,386,393,ABC,7.8335,m,2c_16,3,1.15,0.088,1.2,0.088,0,0,km
LINE393,389,394,ABC,0.17183,m,2c_16,3,1.15,0.088,1.2,0.088,0,0,km
LINE394,390,395,ABC,1.2439,m,4c_.06,3,0.469,0.075,1.581,0.091,0,0,km
LINE395,391,396,ABC,4.0601,m,2c_16,3,1.15,0.088,1.2,0.088,0,0,km
LINE396,391,397,ABC,2.8793,m,4c_.1,3,0.274,0.073,0.959,0.079,0,0,km
LINE397,392,398,ABC,0.32241,m,2c_16,3,1.15,0.088,1.2,0.088,0,0,km
LINE398,393,399,ABC,0.5688,m,2c_16,3,1.15,0.088,1.2,0.088,0,0,km
LINE399,394,400,ABC,0.59984,m,2c_16,3,1.15,0.088,1.2,0.088,0,0,km
LINE400,395,401,ABC,0.9222,m,4c_.06,3,0.469,0.075,1.581,0.091,0,0,km
LINE401,396,402,ABC,0.37201,m,2c_16,3,1.15,0.088,1.2,0.088,0,0,km
LINE402,397,403,ABC,1.3891,m,4c_.1,3,0.274,0.073,0.959,0.079,0,0,km
LINE403,398,404,ABC,0.225,m,2c_16,3,1.15,0.088,1.2,0.088,0,0,km
LINE404,399,405,ABC,0.24807,m,2c_16,3,1.15,0.088,1.2,0.088,0,0,km
LINE405,400,406,ABC,3.6672,m,2c_16,3,1.15,0.088,1.2,0.088,0,0,km
LINE406,401,407,ABC,0.88961,m,4c_.06,3,0.469,0.075,1.581,0.091,0,0,km
LINE407,402,408,ABC,0.21148,m,2c_16,3,1.15,0.088,1.2,0.088,0,0,km
LINE408,403,409,ABC,4.1907,m,4c_.1,3,0.274,0.073,0.959,0.079,0,0,km
LINE409,403,410,ABC,0.3791,m,4c_.1,3,0.274,0.073,0.959,0.079,0,0,km
LINE410,404,411,ABC,0.23308,m,2c_16,3,1.15,0.088,1.2,0.088,0,0,km
LINE411,405,412,ABC,0.16706,m,2c_16,3,1.15,0.088,1.2,0.088,0,0,km
LINE412,407,413,ABC,0.87066,m,4c_.06,3,0.469,0.075,1.581,0.091,0,0,km
LINE413,408,414,ABC,0.1436,m,2c_16,3,1.15,0.088,1.2,0.088,0,0,km
LINE414,409,415,ABC,5.9686,m,4c_.1,3,0.274,0.073,0.959,0.079,0,0,km
LINE415,410,416,ABC,0.094921,m,4c_.1,3,0.274,0.073,0.959,0.079,0,0,km
LINE416,411,417,ABC,0.9788,m,2c_16,3,1.15,0.088,1.2,0.088,0,0,km
LINE417,412,418,ABC,0.27954,m,2c_16,3,1.15,0.088,1.2,0.088,0,0,km
LINE418,413,419,ABC,1.0471,m,4c_.06,3,0.469,0.075,1.581,0.091,0,0,km
LINE419,414,420,ABC,0.23403,m,2c_16,3,1.15,0.088,1.2,0.088,0,0,km
LINE420,415,421,ABC,1.249,m,4c_.1,3,0.274,0.073,0.959,0.079,0,0,km
LINE421,416,422,ABC,0.066573,m,4c_.1,3,0.274,0.073,0.959,0.079,0,0,km
LINE422,417,423,ABC,0.239,m,2c_16,3,1.15,0.088,1.2,0.088,0,0,km
LINE423,418,424,ABC,3.1944,m,2c_16,3,1.15,0.088,1.2,0.088,0,0,km
LINE424,419,425,ABC,1.7537,m,4c_.06,3,0.469,0.075,1.581,0.091,0,0,km
LINE425,419,426,ABC,1.7537,m,4c_.06,3,0.469,0.075,1.581,0.091,0,0,km
LINE426,420,427,ABC,0.77793,m,2c_16,3,1.15,0.088,1.2,0.088,0,0,km
LINE427,421,428,ABC,0.31923,m,4c_.1,3,0.274,0.073,0.959,0.079,0,0,km
LINE428,422,429,ABC,0.082873,m,4c_.1,3,0.274,0.073,0.959,0.079,0,0,km
LINE429,423,430,ABC,0.22798,m,2c_16,3,1.15,0.088,1.2,0.088,0,0,km
LINE430,424,431,ABC,1.1331,m,2c_16,3,1.15,0.088,1.2,0.088,0,0,km
LINE431,425,432,ABC,5.9151,m,4c_.06,3,0.469,0.075,1.581,0.091,0,0,km
LINE432,425,433,ABC,5.9151,m,4c_.06,3,0.469,0.075,1.581,0.091,0,0,km
LINE433,427,434,ABC,0.86608,m,2c_16,3,1.15,0.088,1.2,0.088,0,0,km
LINE434,428,435,ABC,0.16724,m,4c_.1,3,0.274,0.073,0.959,0.079,0,0,km
LINE435,429,436,ABC,0.071344,m,4c_.1,3,0.274,0.073,0.959,0.079,0,0,km
LINE436,430,437,ABC,0.22674,m,2c_16,3,1.15,0.088,1.2,0.088,0,0,km
LINE437,431,438,ABC,0.384,m,2c_16,3,1.15,0.088,1.2,0.088,0,0,km
LINE438,432,439,ABC,8.3663,m,4c_.06,3,0.469,0.075,1.581,0.091,0,0,km
LINE439,432,440,ABC,8.3663,m,4c_.06,3,0.469,0.075,1.581,0.091,0,0,km
LINE440,434,441,ABC,0.48708,m,2c_16,3,1.15,0.088,1.2,0.088,0,0,km
LINE441,435,442,ABC,0.13864,m,4c_.1,3,0.274,0.073,0.959,0.079,0,0,km
LINE442,436,443,ABC,0.078,m,4c_.1,3,0.274,0.073,0.959,0.079,0,0,km
LINE443,437,444,ABC,0.2601,m,2c_16,3,1.15,0.088,1.2,0.088,0,0,km
LINE444,438,445,ABC,0.67858,m,2c_16,3,1.15,0.088,1.2,0.088,0,0,km
LINE445,439,446,ABC,6.0033,m,4c_.06,3,0.469,0.075,1.581,0.091,0,0,km
LINE446,439,447,ABC,6.0033,m,4c_.06,3,0.469,0.075,1.581,0.091,0,0,km
LINE447,441,448,ABC,0.45756,m,2c_16,3,1.15,0.088,1.2,0.088,0,0,km
LINE448,442,449,ABC,0.11236,m,4c_.1,3,0.274,0.073,0.959,0.079,0,0,km
LINE449,443,450,ABC,0.079246,m,4c_.1,3,0.274,0.073,0.959,0.079,0,0,km
LINE450,444,451,ABC,0.89824,m,2c_16,3,1.15,0.088,1.2,0.088,0,0,km
LINE451,445,452,ABC,0.59366,m,2c_16,3,1.15,0.088,1.2,0.088,0,0,km
LINE452,446,453,ABC,1.8214,m,4c_.06,3,0.469,0.075,1.581,0.091,0,0,km
LINE453,446,454,ABC,1.8214,m,4c_.06,3,0.469,0.075,1.581,0.091,0,0,km
LINE454,448,455,ABC,0.43655,m,2c_16,3,1.15,0.088,1.2,0.088,0,0,km
LINE455,449,456,ABC,0.17175,m,4c_.1,3,0.274,0.073,0.959,0.079,0,0,km
LINE456,450,457,ABC,0.054231,m,4c_.1,3,0.274,0.073,0.959,0.079,0,0,km
LINE457,451,458,ABC,4.3773,m,2c_16,3,1.15,0.088,1.2,0.088,0,0,km
LINE458,452,459,ABC,0.67064,m,2c_16,3,1.15,0.088,1.2,0.088,0,0,km
LINE459,453,460,ABC,5.3905,m,4c_.06,3,0.469,0.075,1.581,0.091,0,0,km
LINE460,453,461,ABC,5.3905,m,4c_.06,3,0.469,0.075,1.581,0.091,0,0,km
LINE461,453,462,ABC,3.6859,m,2c_16,3,1.15,0.088,1.2,0.088,0,0,km
LINE462,455,463,ABC,0.71675,m,2c_16,3,1.15,0.088,1.2,0.088,0,0,km
LINE463,456,464,ABC,0.15483,m,4c_.1,3,0.274,0.073,0.959,0.079,0,0,km
LINE464,457,465,ABC,0.040311,m,4c_.1,3,0.274,0.073,0.959,0.079,0,0,km
LINE465,459,466,ABC,0.63421,m,2c_16,3,1.15,0.088,1.2,0.088,0,0,km
LINE466,460,467,ABC,5.9891,m,4c_.06,3,0.469,0.075,1.581,0.091,0,0,km
LINE467,460,468,ABC,5.9891,m,4c_.06,3,0.469,0.075,1.581,0.091,0,0,km
LINE468,460,469,ABC,0.88292,m,4c_.06,3,0.469,0.075,1.581,0.091,0,0,km
LINE469,462,470,ABC,0.53828,m,2c_16,3,1.15,0.088,1.2,0.088,0,0,km
LINE470,463,471,ABC,0.49923,m,2c_16,3,1.15,0.088,1.2,0.088,0,0,km
LINE471,464,472,ABC,0.14736,m,4c_.1,3,0.274,0.073,0.959,0.079,0,0,km
LINE472,465,473,ABC,0.049497,m,4c_.1,3,0.274,0.073,0.959,0.079,0,0,km
LINE473,466,474,ABC,3.201,m,2c_16,3,1.15,0.088,1.2,0.088,0,0,km
LINE474,467,475,ABC,2.1947,m,4c_.06,3,0.469,0.075,1.581,0.091,0,0,km
LINE475,467,476,ABC,2.1947,m,4c_.06,3,0.469,0.075,1.581,0.091,0,0,km
LINE476,470,477,ABC,0.29351,m,2c_16,3,1.15,0.088,1.2,0.088,0,0,km
LINE477,471,478,ABC,0.35077,m,2c_16,3,1.15,0.088,1.2,0.088,0,0,km
LINE478,472,479,ABC,0.16601,m,4c_.1,3,0.274,0.073,0.959,0.079,0,0,km
LINE479,473,480,ABC,0.063953,m,4c_.1,3,0.274,0.073,0.959,0.079,0,0,km
LINE480,474,481,ABC,0.18984,m,2c_16,3,1.15,0.088,1.2,0.088,0,0,km
LINE481,475,482,ABC,4.6432,m,4c_.06,3,0.469,0.075,1.581,0.091,0,0,km
LINE482,475,483,ABC,4.6432,m,4c_.06,3,0.469,0.075,1.581,0.091,0,0,km
LINE483,475,484,ABC,10.2769,m,2c_16,3,1.15,0.088,1.2,0.088,0,0,km
LINE484,477,485,ABC,0.19883,m,2c_16,3,1.15,0.088,1.2,0.088,0,0,km
LINE485,478,486,ABC,0.1676,m,2c_16,3,1.15,0.088,1.2,0.088,0,0,km
LINE486,479,487,ABC,0.17536,m,4c_.1,3,0.274,0.073,0.959,0.079,0,0,km
LINE487,480,488,ABC,0.11163,m,4c_.1,3,0.274,0.073,0.959,0.079,0,0,km
LINE488,481,489,ABC,0.1713,m,2c_16,3,1.15,0.088,1.2,0.088,0,0,km
LINE489,482,490,ABC,6.6548,m,4c_.06,3,0.469,0.075,1.581,0.091,0,0,km
LINE490,482,491,ABC,6.6548,m,4c_.06,3,0.469,0.075,1.581,0.091,0,0,km
LINE491,484,492,ABC,0.57796,m,2c_16,3,1.15,0.088,1.2,0.088,0,0,km
LINE492,484,493,ABC,4.0726,m,2c_16,3,1.15,0.088,1.2,0.088,0,0,km
LINE493,485,494,ABC,0.30201,m,2c_16,3,1.15,0.088,1.2,0.088,0,0,km
LINE494,486,495,ABC,0.10617,m,2c_16,3,1.15,0.088,1.2,0.088,0,0,km
LINE495,487,496,ABC,0.38342,m,4c_.1,3,0.274,0.073,0.959,0.079,0,0,km
LINE496,488,497,ABC,0.13972,m,4c_.1,3,0.274,0.073,0.959,0.079,0,0,km
LINE497,489,498,ABC,0.23283,m,2c_16,3,1.15,0.088,1.2,0.088,0,0,km
LINE498,490,499,ABC,4.0612,m,4c_.06,3,0.469,0.075,1.581,0.091,0,0,km
LINE499,490,500,ABC,4.0612,m,4c_.06,3,0.469,0.075,1.581,0.091,0,0,km
LINE500,492,501,ABC,0.24429,m,2c_16,3,1.15,0.088,1.2,0.088,0,0,km
LINE501,493,502,ABC,2.606,m,2c_16,3,1.15,0.088,1.2,0.088,0,0,km
LINE502,494,503,ABC,0.45833,m,2c_16,3,1.15,0.088,1.2,0.088,0,0,km
LINE503,495,504,ABC,0.071784,m,2c_16,3,1.15,0.088,1.2,0.088,0,0,km
LINE504,496,505,ABC,8.6961,m,4c_.1,3,0.274,0.073,0.959,0.079,0,0,km
LINE505,497,506,ABC,0.096167,m,4c_.1,3,0.274,0.073,0.959,0.079,0,0,km
LINE506,498,507,ABC,0.30564,m,2c_16,3,1.15,0.088,1.2,0.088,0,0,km
LINE507,499,508,ABC,0.69938,m,4c_.06,3,0.469,0.075,1.581,0.091,0,0,km
LINE508,499,509,ABC,0.69938,m,4c_.06,3,0.469,0.075,1.581,0.091,0,0,km
LINE509,501,510,ABC,0.14354,m,2c_16,3,1.15,0.088,1.2,0.088,0,0,km
LINE510,503,511,ABC,0.32517,m,2c_16,3,1.15,0.088,1.2,0.088,0,0,km
LINE511,504,512,ABC,0.10013,m,2c_16,3,1.15,0.088,1.2,0.088,0,0,km
LINE512,505,513,ABC,5.5648,m,2c_16,3,1.15,0.088,1.2,0.088,0,0,km
LINE513,505,514,ABC,1.3369,m,4c_.1,3,0.274,0.073,0.959,0.079,0,0,km
LINE514,506,515,ABC,0.085492,m,4c_.1,3,0.274,0.073,0.959,0.079,0,0,km
LINE515,508,516,ABC,1.8857,m,4c_.06,3,0.469,0.075,1.581,0.091,0,0,km
LINE516,508,517,ABC,1.8857,m,4c_.06,3,0.469,0.075,1.581,0.091,0,0,km
LINE517,508,518,ABC,4.7316,m,2c_16,3,1.15,0.088,1.2,0.088,0,0,km
LINE518,510,519,ABC,0.1321,m,2c_16,3,1.15,0.088,1.2,0.088,0,0,km
LINE519,511,520,ABC,0.22216,m,2c_16,3,1.15,0.088,1.2,0.088,0,0,km
LINE520,512,521,ABC,0.07642,m,2c_16,3,1.15,0.088,1.2,0.088,0,0,km
LINE521,513,522,ABC,4.9074,m,2c_16,3,1.15,0.088,1.2,0.088,0,0,km
LINE522,514,523,ABC,0.72122,m,4c_.1,3,0.274,0.073,0.959,0.079,0,0,km
LINE523,515,524,ABC,0.066573,m,4c_.1,3,0.274,0.073,0.959,0.079,0,0,km
LINE524,516,525,ABC,1.3881,m,4c_.06,3,0.469,0.075,1.581,0.091,0,0,km
LINE525,516,526,ABC,1.3881,m,4c_.06,3,0.469,0.075,1.581,0.091,0,0,km
LINE526,518,527,ABC,2.796,m,2c_16,3,1.15,0.088,1.2,0.088,0,0,km
LINE527,519,528,ABC,0.11769,m,2c_16,3,1.15,0.088,1.2,0.088,0,0,km
LINE528,520,529,ABC,0.17555,m,2c_16,3,1.15,0.088,1.2,0.088,0,0,km
LINE529,521,530,ABC,0.54535,m,2c_16,3,1.15,0.088,1.2,0.088,0,0,km
LINE530,523,531,ABC,0.10771,m,4c_.1,3,0.274,0.073,0.959,0.079,0,0,km
LINE531,524,532,ABC,0.060803,m,4c_.1,3,0.274,0.073,0.959,0.079,0,0,km
LINE532,525,533,ABC,1.8899,m,4c_.06,3,0.469,0.075,1.581,0.091,0,0,km
LINE533,525,534,ABC,1.8899,m,4c_.06,3,0.469,0.075,1.581,0.091,0,0,km
LINE534,527,535,ABC,2.2154,m,2c_16,3,1.15,0.088,1.2,0.088,0,0,km
LINE535,528,536,ABC,0.12209,m,2c_16,3,1.15,0.088,1.2,0.088,0,0,km
LINE536,529,537,ABC,0.56286,m,2c_16,3,1.15,0.088,1.2,0.088,0,0,km
LINE537,530,538,ABC,1.9227,m,2c_16,3,1.15,0.088,1.2,0.088,0,0,km
LINE538,530,539,ABC,5.5837,m,2c_16,3,1.15,0.088,1.2,0.088,0,0,km
LINE539,531,540,ABC,0.082219,m,4c_.1,3,0.274,0.073,0.959,0.079,0,0,km
LINE540,532,541,ABC,0.065513,m,4c_.1,3,0.274,0.073,0.959,0.079,0,0,km
LINE541,533,542,ABC,1.3374,m,4c_.06,3,0.469,0.075,1.581,0.091,0,0,km
LINE542,533,543,ABC,1.3374,m,4c_.06,3,0.469,0.075,1.581,0.091,0,0,km
LINE543,535,544,ABC,0.91542,m,2c_16,3,1.15,0.088,1.2,0.088,0,0,km
LINE544,536,545,ABC,0.36857,m,2c_16,3,1.15,0.088,1.2,0.088,0,0,km
LINE545,537,546,ABC,4.5527,m,2c_16,3,1.15,0.088,1.2,0.088,0,0,km
LINE546,538,547,ABC,2.1231,m,2c_16,3,1.15,0.088,1.2,0.088,0,0,km
LINE547,540,548,ABC,0.076896,m,4c_.1,3,0.274,0.073,0.959,0.079,0,0,km
LINE548,541,549,ABC,0.086145,m,4c_.1,3,0.274,0.073,0.959,0.079,0,0,km
LINE549,542,550,ABC,3.7401,m,4c_.06,3,0.469,0.075,1.581,0.091,0,0,km
LINE550,542,551,ABC,3.7401,m,4c_.06,3,0.469,0.075,1.581,0.091,0,0,km
LINE551,544,552,ABC,0.28804,m,2c_16,3,1.15,0.088,1.2,0.088,0,0,km
LINE552,544,553,ABC,3.789,m,2c_16,3,1.15,0.088,1.2,0.088,0,0,km
LINE553,545,554,ABC,0.37143,m,2c_16,3,1.15,0.088,1.2,0.088,0,0,km
LINE554,546,555,ABC,0.22672,m,2c_16,3,1.15,0.088,1.2,0.088,0,0,km
LINE555,547,556,ABC,5.7548,m,2c_16,3,1.15,0.088,1.2,0.088,0,0,km
LINE556,548,557,ABC,0.082,m,4c_.1,3,0.274,0.073,0.959,0.079,0,0,km
LINE557,549,558,ABC,0.061612,m,4c_.1,3,0.274,0.073,0.959,0.079,0,0,km
LINE558,550,559,ABC,2.7082,m,4c_.06,3,0.469,0.075,1.581,0.091,0,0,km
LINE559,550,560,ABC,2.7082,m,4c_.06,3,0.469,0.075,1.581,0.091,0,0,km
LINE560,552,561,ABC,0.10599,m,2c_16,3,1.15,0.088,1.2,0.088,0,0,km
LINE561,553,562,ABC,2.8664,m,2c_16,3,1.15,0.088,1.2,0.088,0,0,km
LINE562,554,563,ABC,3.4705,m,2c_16,3,1.15,0.088,1.2,0.088,0,0,km
LINE563,555,564,ABC,0.17889,m,2c_16,3,1.15,0.088,1.2,0.088,0,0,km
LINE564,557,565,ABC,0.07256,m,4c_.1,3,0.274,0.073,0.959,0.079,0,0,km
LINE565,558,566,ABC,0.12021,m,4c_.1,3,0.274,0.073,0.959,0.079,0,0,km
LINE566,559,567,ABC,0.60068,m,4c_.06,3,0.469,0.075,1.581,0.091,0,0,km
LINE567,559,568,ABC,0.60068,m,4c_.06,3,0.469,0.075,1.581,0.091,0,0,km
LINE568,559,569,ABC,3.8482,m,2c_16,3,1.15,0.088,1.2,0.088,0,0,km
LINE569,561,570,ABC,0.15788,m,2c_16,3,1.15,0.088,1.2,0.088,0,0,km
LINE570,564,571,ABC,0.20224,m,2c_16,3,1.15,0.088,1.2,0.088,0,0,km
LINE571,565,572,ABC,0.074216,m,4c_.1,3,0.274,0.073,0.959,0.079,0,0,km
LINE572,567,573,ABC,0.14223,m,4c_.06,3,0.469,0.075,1.581,0.091,0,0,km
LINE573,567,574,ABC,0.14223,m,4c_.06,3,0.469,0.075,1.581,0.091,0,0,km
LINE574,569,575,ABC,0.48648,m,2c_16,3,1.15,0.088,1.2,0.088,0,0,km
LINE575,570,576,ABC,0.095,m,2c_16,3,1.15,0.088,1.2,0.088,0,0,km
LINE576,571,577,ABC,0.18,m,2c_16,3,1.15,0.088,1.2,0.088,0,0,km
LINE577,572,578,ABC,0.38305,m,4c_.1,3,0.274,0.073,0.959,0.079,0,0,km
LINE578,573,579,ABC,3.8558,m,4c_.06,3,0.469,0.075,1.581,0.091,0,0,km
LINE579,573,580,ABC,3.8558,m,4c_.06,3,0.469,0.075,1.581,0.091,0,0,km
LINE580,573,581,ABC,0.31979,m,4c_.06,3,0.469,0.075,1.581,0.091,0,0,km
LINE581,575,582,ABC,0.35899,m,2c_16,3,1.15,0.088,1.2,0.088,0,0,km
LINE582,576,583,ABC,0.11463,m,2c_16,3,1.15,0.088,1.2,0.088,0,0,km
LINE583,577,584,ABC,0.20718,m,2c_16,3,1.15,0.088,1.2,0.088,0,0,km
LINE584,578,585,ABC,4.7318,m,2c_16,3,1.15,0.088,1.2,0.088,0,0,km
LINE585,578,586,ABC,0.82623,m,4c_.1,3,0.274,0.073,0.959,0.079,0,0,km
LINE586,579,587,ABC,2.7022,m,4c_.06,3,0.469,0.075,1.581,0.091,0,0,km
LINE587,579,588,ABC,2.7022,m,4c_.06,3,0.469,0.075,1.581,0.091,0,0,km
LINE588,581,589,ABC,0.11628,m,4c_.06,3,0.469,0.075,1.581,0.091,0,0,km
LINE589,582,590,ABC,0.3493,m,2c_16,3,1.15,0.088,1.2,0.088,0,0,km
LINE590,583,591,ABC,0.10065,m,2c_16,3,1.15,0.088,1.2,0.088,0,0,km
LINE591,584,592,ABC,0.21243,m,2c_16,3,1.15,0.088,1.2,0.088,0,0,km
LINE592,585,593,ABC,0.27268,m,2c_16,3,1.15,0.088,1.2,0.088,0,0,km
LINE593,586,594,ABC,3.9483,m,4c_.1,3,0.274,0.073,0.959,0.079,0,0,km
LINE594,587,595,ABC,5.4142,m,4c_.06,3,0.469,0.075,1.581,0.091,0,0,km
LINE595,587,596,ABC,0.64238,m,4c_.06,3,0.469,0.075,1.581,0.091,0,0,km
LINE596,589,597,ABC,0.089275,m,4c_.06,3,0.469,0.075,1.581,0.091,0,0,km
LINE597,590,598,ABC,3.2812,m,2c_16,3,1.15,0.088,1.2,0.088,0,0,km
LINE598,591,599,ABC,0.65862,m,2c_16,3,1.15,0.088,1.2,0.088,0,0,km
LINE599,592,600,ABC,0.25534,m,2c_16,3,1.15,0.088,1.2,0.088,0,0,km
LINE600,593,601,ABC,0.13695,m,2c_16,3,1.15,0.088,1.2,0.088,0,0,km
LINE601,594,602,ABC,9.1669,m,2c_16,3,1.15,0.088,1.2,0.088,0,0,km
LINE602,594,603,ABC,4.6424,m,4c_.1,3,0.274,0.073,0.959,0.079,0,0,km
LINE603,595,604,ABC,4.8283,m,4c_.06,3,0.469,0.075,1.581,0.091,0,0,km
LINE604,595,605,ABC,4.8283,m,4c_.06,3,0.469,0.075,1.581,0.091,0,0,km
LINE605,595,606,ABC,4.7719,m,4c_.06,3,0.469,0.075,1.581,0.091,0,0,km
LINE606,596,607,ABC,11.6642,m,2c_16,3,1.15,0.088,1.2,0.088,0,0,km
LINE607,596,608,ABC,11.6642,m,2c_16,3,1.15,0.088,1.2,0.088,0,0,km
LINE608,597,609,ABC,0.11037,m,4c_.06,3,0.469,0.075,1.581,0.091,0,0,km
LINE609,598,610,ABC,1.5271,m,2c_16,3,1.15,0.088,1.2,0.088,0,0,km
LINE610,599,611,ABC,4.8562,m,2c_16,3,1.15,0.088,1.2,0.088,0,0,km
LINE611,600,612,ABC,0.16008,m,2c_16,3,1.15,0.088,1.2,0.088,0,0,km
LINE612,601,613,ABC,0.11484,m,2c_16,3,1.15,0.088,1.2,0.088,0,0,km
LINE613,602,614,ABC,4.8374,m,2c_16,3,1.15,0.088,1.2,0.088,0,0,km
LINE614,603,615,ABC,4.4466,m,4c_.1,3,0.274,0.073,0.959,0.079,0,0,km
LINE615,604,616,ABC,3.9301,m,2c_.0225,3,1.257,0.085,1.257,0.085,0,0,km
LINE616,604,617,ABC,3.1088,m,4c_.06,3,0.469,0.075,1.581,0.091,0,0,km
LINE617,604,618,ABC,3.1088,m,4c_.06,3,0.469,0.075,1.581,0.091,0,0,km
LINE618,607,619,ABC,2.7454,m,2c_16,3,1.15,0.088,1.2,0.088,0,0,km
LINE619,609,620,ABC,0.06364,m,4c_.06,3,0.469,0.075,1.581,0.091,0,0,km
LINE620,610,621,ABC,0.71673,m,2c_16,3,1.15,0.088,1.2,0.088,0,0,km
LINE621,612,622,ABC,0.68797,m,2c_16,3,1.15,0.088,1.2,0.088,0,0,km
LINE622,613,623,ABC,0.093648,m,2c_16,3,1.15,0.088,1.2,0.088,0,0,km
LINE623,615,624,ABC,1.6322,m,2c_16,3,1.15,0.088,1.2,0.088,0,0,km
LINE624,615,625,ABC,1.2511,m,4c_.1,3,0.274,0.073,0.959,0.079,0,0,km
LINE625,616,626,ABC,5.3537,m,2c_.0225,3,1.257,0.085,1.257,0.085,0,0,km
LINE626,620,627,ABC,0.077897,m,4c_.06,3,0.469,0.075,1.581,0.091,0,0,km
LINE627,621,628,ABC,0.47807,m,2c_16,3,1.15,0.088,1.2,0.088,0,0,km
LINE628,622,629,ABC,2.9004,m,2c_16,3,1.15,0.088,1.2,0.088,0,0,km
LINE629,623,630,ABC,0.147,m,2c_16,3,1.15,0.088,1.2,0.088,0,0,km
LINE630,624,631,ABC,0.40022,m,2c_16,3,1.15,0.088,1.2,0.088,0,0,km
LINE631,625,632,ABC,0.28784,m,4c_.1,3,0.274,0.073,0.959,0.079,0,0,km
LINE632,626,633,ABC,1.5703,m,2c_.0225,3,1.257,0.085,1.257,0.085,0,0,km
LINE633,627,634,ABC,0.065299,m,4c_.06,3,0.469,0.075,1.581,0.091,0,0,km
LINE634,628,635,ABC,0.73088,m,2c_16,3,1.15,0.088,1.2,0.088,0,0,km
LINE635,630,636,ABC,0.35053,m,2c_16,3,1.15,0.088,1.2,0.088,0,0,km
LINE636,631,637,ABC,0.27482,m,2c_16,3,1.15,0.088,1.2,0.088,0,0,km
LINE637,632,638,ABC,0.14284,m,4c_.1,3,0.274,0.073,0.959,0.079,0,0,km
LINE638,633,639,ABC,5.1974,m,2c_.0225,3,1.257,0.085,1.257,0.085,0,0,km
LINE639,634,640,ABC,0.069123,m,4c_.06,3,0.469,0.075,1.581,0.091,0,0,km
LINE640,635,641,ABC,1.4274,m,2c_16,3,1.15,0.088,1.2,0.088,0,0,km
LINE641,636,642,ABC,0.24251,m,2c_16,3,1.15,0.088,1.2,0.088,0,0,km
LINE642,637,643,ABC,0.38096,m,2c_16,3,1.15,0.088,1.2,0.088,0,0,km
LINE643,638,644,ABC,0.15697,m,4c_.1,3,0.274,0.073,0.959,0.079,0,0,km
LINE644,640,645,ABC,0.068593,m,4c_.06,3,0.469,0.075,1.581,0.091,0,0,km
LINE645,641,646,ABC,0.39457,m,2c_16,3,1.15,0.088,1.2,0.088,0,0,km
LINE646,642,647,ABC,0.30835,m,2c_16,3,1.15,0.088,1.2,0.088,0,0,km
LINE647,643,648,ABC,0.90337,m,2c_16,3,1.15,0.088,1.2,0.088,0,0,km
LINE648,644,649,ABC,0.18112,m,4c_.1,3,0.274,0.073,0.959,0.079,0,0,km
LINE649,645,650,ABC,0.093984,m,4c_.06,3,0.469,0.075,1.581,0.091,0,0,km
LINE650,646,651,ABC,0.11455,m,2c_16,3,1.15,0.088,1.2,0.088,0,0,km
LINE651,647,652,ABC,0.18732,m,2c_16,3,1.15,0.088,1.2,0.088,0,0,km
LINE652,648,653,ABC,0.68671,m,2c_16,3,1.15,0.088,1.2,0.088,0,0,km
LINE653,649,654,ABC,0.1831,m,4c_.1,3,0.274,0.073,0.959,0.079,0,0,km
LINE654,650,655,ABC,0.12394,m,4c_.06,3,0.469,0.075,1.581,0.091,0,0,km
LINE655,651,656,ABC,0.099368,m,2c_16,3,1.15,0.088,1.2,0.088,0,0,km
LINE656,651,657,ABC,0.52781,m,2c_16,3,1.15,0.088,1.2,0.088,0,0,km
LINE657,652,658,ABC,0.16911,m,2c_16,3,1.15,0.088,1.2,0.088,0,0,km
LINE658,653,659,ABC,0.48206,m,2c_16,3,1.15,0.088,1.2,0.088,0,0,km
LINE659,654,660,ABC,0.20299,m,4c_.1,3,0.274,0.073,0.959,0.079,0,0,km
LINE660,655,661,ABC,0.36466,m,4c_.06,3,0.469,0.075,1.581,0.091,0,0,km
LINE661,656,662,ABC,0.093,m,2c_16,3,1.15,0.088,1.2,0.088,0,0,km
LINE662,657,663,ABC,0.69648,m,2c_16,3,1.15,0.088,1.2,0.088,0,0,km
LINE663,658,664,ABC,0.28521,m,2c_16,3,1.15,0.088,1.2,0.088,0,0,km
LINE664,659,665,ABC,0.505,m,2c_16,3,1.15,0.088,1.2,0.088,0,0,km
LINE665,660,666,ABC,0.29519,m,4c_.1,3,0.274,0.073,0.959,0.079,0,0,km
LINE666,661,667,ABC,0.26019,m,4c_.06,3,0.469,0.075,1.581,0.091,0,0,km
LINE667,662,668,ABC,0.095802,m,2c_16,3,1.15,0.088,1.2,0.088,0,0,km
LINE668,663,669,ABC,2.8935,m,2c_16,3,1.15,0.088,1.2,0.088,0,0,km
LINE669,664,670,ABC,0.2804,m,2c_16,3,1.15,0.088,1.2,0.088,0,0,km
LINE670,665,671,ABC,0.41461,m,2c_16,3,1.15,0.088,1.2,0.088,0,0,km
LINE671,666,672,ABC,0.4801,m,2c_16,3,1.15,0.088,1.2,0.088,0,0,km
LINE672,666,673,ABC,0.81161,m,4c_.1,3,0.274,0.073,0.959,0.079,0,0,km
LINE673,667,674,ABC,0.20184,m,4c_.06,3,0.469,0.075,1.581,0.091,0,0,km
LINE674,668,675,ABC,0.69267,m,2c_16,3,1.15,0.088,1.2,0.088,0,0,km
LINE675,669,676,ABC,1.2288,m,2c_16,3,1.15,0.088,1.2,0.088,0,0,km
LINE676,670,677,ABC,0.13267,m,2c_16,3,1.15,0.088,1.2,0.088,0,0,km
LINE677,671,678,ABC,0.68648,m,2c_16,3,1.15,0.088,1.2,0.088,0,0,km
LINE678,672,679,ABC,0.2883,m,2c_16,3,1.15,0.088,1.2,0.088,0,0,km
LINE679,673,680,ABC,5.1393,m,4c_.1,3,0.274,0.073,0.959,0.079,0,0,km
LINE680,674,681,ABC,0.40252,m,4c_.06,3,0.469,0.075,1.581,0.091,0,0,km
LINE681,675,682,ABC,5.0441,m,2c_16,3,1.15,0.088,1.2,0.088,0,0,km
LINE682,677,683,ABC,0.14572,m,2c_16,3,1.15,0.088,1.2,0.088,0,0,km
LINE683,678,684,ABC,2.2185,m,2c_16,3,1.15,0.088,1.2,0.088,0,0,km
LINE684,679,685,ABC,0.26744,m,2c_16,3,1.15,0.088,1.2,0.088,0,0,km
LINE685,680,686,ABC,3.6787,m,4c_.1,3,0.274,0.073,0.959,0.079,0,0,km
LINE686,683,687,ABC,0.13986,m,2c_16,3,1.15,0.088,1.2,0.088,0,0,km
LINE687,684,688,ABC,5.1838,m,2c_16,3,1.15,0.088,1.2,0.088,0,0,km
LINE688,685,689,ABC,0.26095,m,2c_16,3,1.15,0.088,1.2,0.088,0,0,km
LINE689,686,690,ABC,8.1445,m,2c_16,3,1.15,0.088,1.2,0.088,0,0,km
LINE690,686,691,ABC,10.5254,m,4c_.1,3,0.274,0.073,0.959,0.079,0,0,km
LINE691,687,692,ABC,0.16867,m,2c_16,3,1.15,0.088,1.2,0.088,0,0,km
LINE692,689,693,ABC,0.19573,m,2c_16,3,1.15,0.088,1.2,0.088,0,0,km
LINE693,690,694,ABC,0.76157,m,2c_16,3,1.15,0.088,1.2,0.088,0,0,km
LINE694,690,695,ABC,2.1261,m,2c_16,3,1.15,0.088,1.2,0.088,0,0,km
LINE695,691,696,ABC,9.4817,m,2c_16,3,1.15,0.088,1.2,0.088,0,0,km
LINE696,691,697,ABC,2.1907,m,4c_.1,3,0.274,0.073,0.959,0.079,0,0,km
LINE697,692,698,ABC,0.26905,m,2c_16,3,1.15,0.088,1.2,0.088,0,0,km
LINE698,693,699,ABC,0.31093,m,2c_16,3,1.15,0.088,1.2,0.088,0,0,km
LINE699,694,700,ABC,0.2383,m,2c_16,3,1.15,0.088,1.2,0.088,0,0,km
LINE700,695,701,ABC,4.3312,m,2c_16,3,1.15,0.088,1.2,0.088,0,0,km
LINE701,696,702,ABC,5.493,m,2c_16,3,1.15,0.088,1.2,0.088,0,0,km
LINE702,697,703,ABC,2.4,m,4c_.06,3,0.469,0.075,1.581,0.091,0,0,km
LINE703,698,704,ABC,0.73636,m,2c_16,3,1.15,0.088,1.2,0.088,0,0,km
LINE704,699,705,ABC,0.52424,m,2c_16,3,1.15,0.088,1.2,0.088,0,0,km
LINE705,700,706,ABC,0.15322,m,2c_16,3,1.15,0.088,1.2,0.088,0,0,km
LINE706,703,707,ABC,6.3308,m,4c_.06,3,0.469,0.075,1.581,0.091,0,0,km
LINE707,703,708,ABC,0.11132,m,4c_.06,3,0.469,0.075,1.581,0.091,0,0,km
LINE708,704,709,ABC,0.97996,m,2c_16,3,1.15,0.088,1.2,0.088,0,0,km
LINE709,705,710,ABC,3.9281,m,2c_16,3,1.15,0.088,1.2,0.088,0,0,km
LINE710,706,711,ABC,0.092418,m,2c_16,3,1.15,0.088,1.2,0.088,0,0,km
LINE711,707,712,ABC,7.5025,m,4c_.06,3,0.469,0.075,1.581,0.091,0,0,km
LINE712,707,713,ABC,3.9448,m,2c_16,3,1.15,0.088,1.2,0.088,0,0,km
LINE713,708,714,ABC,0.10474,m,4c_.06,3,0.469,0.075,1.581,0.091,0,0,km
LINE714,709,715,ABC,0.093338,m,2c_16,3,1.15,0.088,1.2,0.088,0,0,km
LINE715,710,716,ABC,3.2225,m,2c_16,3,1.15,0.088,1.2,0.088,0,0,km
LINE716,711,717,ABC,0.093408,m,2c_16,3,1.15,0.088,1.2,0.088,0,0,km
LINE717,712,718,ABC,7.7434,m,4c_.06,3,0.469,0.075,1.581,0.091,0,0,km
LINE718,713,719,ABC,0.4223,m,2c_16,3,1.15,0.088,1.2,0.088,0,0,km
LINE719,714,720,ABC,0.097,m,4c_.06,3,0.469,0.075,1.581,0.091,0,0,km
LINE720,715,721,ABC,0.073817,m,2c_16,3,1.15,0.088,1.2,0.088,0,0,km
LINE721,716,722,ABC,1.021,m,2c_16,3,1.15,0.088,1.2,0.088,0,0,km
LINE722,717,723,ABC,0.083433,m,2c_16,3,1.15,0.088,1.2,0.088,0,0,km
LINE723,718,724,ABC,3.2535,m,4c_.06,3,0.469,0.075,1.581,0.091,0,0,km
LINE724,718,725,ABC,9.3475,m,2c_16,3,1.15,0.088,1.2,0.088,0,0,km
LINE725,719,726,ABC,0.16124,m,2c_16,3,1.15,0.088,1.2,0.088,0,0,km
LINE726,720,727,ABC,0.10977,m,4c_.06,3,0.469,0.075,1.581,0.091,0,0,km
LINE727,721,728,ABC,0.071694,m,2c_16,3,1.15,0.088,1.2,0.088,0,0,km
LINE728,722,729,ABC,0.92949,m,2c_16,3,1.15,0.088,1.2,0.088,0,0,km
LINE729,723,730,ABC,0.094,m,2c_16,3,1.15,0.088,1.2,0.088,0,0,km
LINE730,724,731,ABC,4.421,m,4c_.06,3,0.469,0.075,1.581,0.091,0,0,km
LINE731,725,732,ABC,1.2539,m,2c_16,3,1.15,0.088,1.2,0.088,0,0,km
LINE732,726,733,ABC,0.17056,m,2c_16,3,1.15,0.088,1.2,0.088,0,0,km
LINE733,727,734,ABC,0.089889,m,4c_.06,3,0.469,0.075,1.581,0.091,0,0,km
LINE734,728,735,ABC,0.076792,m,2c_16,3,1.15,0.088,1.2,0.088,0,0,km
LINE735,729,736,ABC,0.50625,m,2c_16,3,1.15,0.088,1.2,0.088,0,0,km
LINE736,730,737,ABC,0.075313,m,2c_16,3,1.15,0.088,1.2,0.088,0,0,km
LINE737,731,738,ABC,5.1761,m,4c_.06,3,0.469,0.075,1.581,0.091,0,0,km
LINE738,732,739,ABC,0.65877,m,2c_16,3,1.15,0.088,1.2,0.088,0,0,km
LINE739,733,740,ABC,0.14155,m,2c_16,3,1.15,0.088,1.2,0.088,0,0,km
LINE740,734,741,ABC,0.13761,m,4c_.06,3,0.469,0.075,1.581,0.091,0,0,km
LINE741,735,742,ABC,0.071,m,2c_16,3,1.15,0.088,1.2,0.088,0,0,km
LINE742,736,743,ABC,0.40432,m,2c_16,3,1.15,0.088,1.2,0.088,0,0,km
LINE743,737,744,ABC,0.090338,m,2c_16,3,1.15,0.088,1.2,0.088,0,0,km
LINE744,738,745,ABC,4.1562,m,4c_.06,3,0.469,0.075,1.581,0.091,0,0,km
LINE745,739,746,ABC,3.7387,m,2c_16,3,1.15,0.088,1.2,0.088,0,0,km
LINE746,739,747,ABC,0.12202,m,2c_16,3,1.15,0.088,1.2,0.088,0,0,km
LINE747,740,748,ABC,0.16763,m,2c_16,3,1.15,0.088,1.2,0.088,0,0,km
LINE748,741,749,ABC,0.16427,m,4c_.06,3,0.469,0.075,1.581,0.091,0,0,km
LINE749,742,750,ABC,0.06691,m,2c_16,3,1.15,0.088,1.2,0.088,0,0,km
LINE750,743,751,ABC,0.34477,m,2c_16,3,1.15,0.088,1.2,0.088,0,0,km
LINE751,744,752,ABC,0.09735,m,2c_16,3,1.15,0.088,1.2,0.088,0,0,km
LINE752,745,753,ABC,1.5434,m,4c_.06,3,0.469,0.075,1.581,0.091,0,0,km
LINE753,745,754,ABC,5.9227,m,2c_16,3,1.15,0.088,1.2,0.088,0,0,km
LINE754,746,755,ABC,3.0391,m,2c_16,3,1.15,0.088,1.2,0.088,0,0,km
LINE755,747,756,ABC,0.088238,m,2c_16,3,1.15,0.088,1.2,0.088,0,0,km
LINE756,748,757,ABC,0.16348,m,2c_16,3,1.15,0.088,1.2,0.088,0,0,km
LINE757,749,758,ABC,0.12454,m,4c_.06,3,0.469,0.075,1.581,0.091,0,0,km
LINE758,750,759,ABC,0.093059,m,2c_16,3,1.15,0.088,1.2,0.088,0,0,km
LINE759,751,760,ABC,0.40459,m,2c_16,3,1.15,0.088,1.2,0.088,0,0,km
LINE760,752,761,ABC,0.17761,m,2c_16,3,1.15,0.088,1.2,0.088,0,0,km
LINE761,753,762,ABC,2.1279,m,4c_.06,3,0.469,0.075,1.581,0.091,0,0,km
LINE762,754,763,ABC,4.9506,m,2c_16,3,1.15,0.088,1.2,0.088,0,0,km
LINE763,756,764,ABC,0.074465,m,2c_16,3,1.15,0.088,1.2,0.088,0,0,km
LINE764,757,765,ABC,0.22475,m,2c_16,3,1.15,0.088,1.2,0.088,0,0,km
LINE765,758,766,ABC,0.12167,m,4c_.06,3,0.469,0.075,1.581,0.091,0,0,km
LINE766,759,767,ABC,0.11404,m,2c_16,3,1.15,0.088,1.2,0.088,0,0,km
LINE767,760,768,ABC,0.36969,m,2c_16,3,1.15,0.088,1.2,0.088,0,0,km
LINE768,761,769,ABC,1.3288,m,2c_16,3,1.15,0.088,1.2,0.088,0,0,km
LINE769,762,770,ABC,5.2347,m,4c_.06,3,0.469,0.075,1.581,0.091,0,0,km
LINE770,763,771,ABC,3.6007,m,2c_16,3,1.15,0.088,1.2,0.088,0,0,km
LINE771,763,772,ABC,0.13038,m,2c_16,3,1.15,0.088,1.2,0.088,0,0,km
LINE772,764,773,ABC,0.12578,m,2c_16,3,1.15,0.088,1.2,0.088,0,0,km
LINE773,765,774,ABC,0.30918,m,2c_16,3,1.15,0.088,1.2,0.088,0,0,km
LINE774,766,775,ABC,0.07931,m,4c_.06,3,0.469,0.075,1.581,0.091,0,0,km
LINE775,767,776,ABC,0.54052,m,2c_16,3,1.15,0.088,1.2,0.088,0,0,km
LINE776,768,777,ABC,0.57353,m,2c_16,3,1.15,0.088,1.2,0.088,0,0,km
LINE777,769,778,ABC,4.0721,m,2c_16,3,1.15,0.088,1.2,0.088,0,0,km
LINE778,770,779,ABC,4.2428,m,4c_.06,3,0.469,0.075,1.581,0.091,0,0,km
LINE779,771,780,ABC,3.5283,m,2c_16,3,1.15,0.088,1.2,0.088,0,0,km
LINE780,772,781,ABC,0.12466,m,2c_16,3,1.15,0.088,1.2,0.088,0,0,km
LINE781,773,782,ABC,0.17614,m,2c_16,3,1.15,0.088,1.2,0.088,0,0,km
LINE782,774,783,ABC,0.3272,m,2c_16,3,1.15,0.088,1.2,0.088,0,0,km
LINE783,775,784,ABC,0.097,m,4c_.06,3,0.469,0.075,1.581,0.091,0,0,km
LINE784,776,785,ABC,4.6216,m,2c_16,3,1.15,0.088,1.2,0.088,0,0,km
LINE785,777,786,ABC,1.1579,m,2c_16,3,1.15,0.088,1.2,0.088,0,0,km
LINE786,779,787,ABC,3.3152,m,4c_.06,3,0.469,0.075,1.581,0.091,0,0,km
LINE787,781,788,ABC,0.13439,m,2c_16,3,1.15,0.088,1.2,0.088,0,0,km
LINE788,782,789,ABC,0.1307,m,2c_16,3,1.15,0.088,1.2,0.088,0,0,km
LINE789,783,790,ABC,0.21735,m,2c_16,3,1.15,0.088,1.2,0.088,0,0,km
LINE790,784,791,ABC,0.091984,m,4c_.06,3,0.469,0.075,1.581,0.091,0,0,km
LINE791,786,792,ABC,0.34588,m,2c_16,3,1.15,0.088,1.2,0.088,0,0,km
LINE792,786,793,ABC,2.062,m,2c_16,3,1.15,0.088,1.2,0.088,0,0,km
LINE793,787,794,ABC,2.9963,m,4c_.06,3,0.469,0.075,1.581,0.091,0,0,km
LINE794,788,795,ABC,0.12,m,2c_16,3,1.15,0.088,1.2,0.088,0,0,km
LINE795,789,796,ABC,0.21651,m,2c_16,3,1.15,0.088,1.2,0.088,0,0,km
LINE796,790,797,ABC,0.22121,m,2c_16,3,1.15,0.088,1.2,0.088,0,0,km
LINE797,791,798,ABC,0.091706,m,4c_.06,3,0.469,0.075,1.581,0.091,0,0,km
LINE798,792,799,ABC,0.30164,m,2c_16,3,1.15,0.088,1.2,0.088,0,0,km
LINE799,793,800,ABC,3.2995,m,2c_16,3,1.15,0.088,1.2,0.088,0,0,km
LINE800,794,801,ABC,0.20555,m,2c_16,3,1.15,0.088,1.2,0.088,0,0,km
LINE801,794,802,ABC,2.8031,m,4c_95_SAC_XC,3,0.322,0.074,0.804,0.093,0,0,km
LINE802,795,803,ABC,0.13252,m,2c_16,3,1.15,0.088,1.2,0.088,0,0,km
LINE803,796,804,ABC,1.5028,m,2c_16,3,1.15,0.088,1.2,0.088,0,0,km
LINE804,797,805,ABC,0.10577,m,2c_16,3,1.15,0.088,1.2,0.088,0,0,km
LINE805,798,806,ABC,0.12311,m,4c_.06,3,0.469,0.075,1.581,0.091,0,0,km
LINE806,799,807,ABC,0.24947,m,2c_16,3,1.15,0.088,1.2,0.088,0,0,km
LINE807,800,808,ABC,2.8191,m,2c_16,3,1.15,0.088,1.2,0.088,0,0,km
LINE808,801,809,ABC,0.20609,m,2c_16,3,1.15,0.088,1.2,0.088,0,0,km
LINE809,802,810,ABC,3.0749,m,4c_.06,3,0.469,0.075,1.581,0.091,0,0,km
LINE810,802,811,ABC,3.0749,m,4c_.06,3,0.469,0.075,1.581,0.091,0,0,km
LINE811,803,812,ABC,0.08544,m,2c_16,3,1.15,0.088,1.2,0.088,0,0,km
LINE812,804,813,ABC,3.3195,m,2c_16,3,1.15,0.088,1.2,0.088,0,0,km
LINE813,805,814,ABC,0.16824,m,2c_16,3,1.15,0.088,1.2,0.088,0,0,km
LINE814,806,815,ABC,0.42086,m,4c_.06,3,0.469,0.075,1.581,0.091,0,0,km
LINE815,807,816,ABC,0.194,m,2c_16,3,1.15,0.088,1.2,0.088,0,0,km
LINE816,808,817,ABC,1.5955,m,2c_16,3,1.15,0.088,1.2,0.088,0,0,km
LINE817,809,818,ABC,0.20649,m,2c_16,3,1.15,0.088,1.2,0.088,0,0,km
LINE818,810,819,ABC,2.5782,m,4c_.06,3,0.469,0.075,1.581,0.091,0,0,km
LINE819,810,820,ABC,2.5782,m,4c_.06,3,0.469,0.075,1.581,0.091,0,0,km
LINE820,812,821,ABC,0.13123,m,2c_16,3,1.15,0.088,1.2,0.088,0,0,km
LINE821,814,822,ABC,0.15794,m,2c_16,3,1.15,0.088,1.2,0.088,0,0,km
LINE822,815,823,ABC,0.48651,m,4c_.06,3,0.469,0.075,1.581,0.091,0,0,km
LINE823,816,824,ABC,0.19731,m,2c_16,3,1.15,0.088,1.2,0.088,0,0,km
LINE824,818,825,ABC,0.20524,m,2c_16,3,1.15,0.088,1.2,0.088,0,0,km
LINE825,819,826,ABC,2.7715,m,4c_.06,3,0.469,0.075,1.581,0.091,0,0,km
LINE826,819,827,ABC,2.7715,m,4c_.06,3,0.469,0.075,1.581,0.091,0,0,km
LINE827,821,828,ABC,1.0794,m,2c_16,3,1.15,0.088,1.2,0.088,0,0,km
LINE828,822,829,ABC,0.22567,m,2c_16,3,1.15,0.088,1.2,0.088,0,0,km
LINE829,823,830,ABC,0.49659,m,4c_.06,3,0.469,0.075,1.581,0.091,0,0,km
LINE830,824,831,ABC,0.17123,m,2c_16,3,1.15,0.088,1.2,0.088,0,0,km
LINE831,825,832,ABC,0.20602,m,2c_16,3,1.15,0.088,1.2,0.088,0,0,km
LINE832,826,833,ABC,2.2755,m,4c_.06,3,0.469,0.075,1.581,0.091,0,0,km
LINE833,826,834,ABC,2.2755,m,4c_.06,3,0.469,0.075,1.581,0.091,0,0,km
LINE834,828,835,ABC,3.7201,m,2c_16,3,1.15,0.088,1.2,0.088,0,0,km
LINE835,829,836,ABC,2.3821,m,2c_16,3,1.15,0.088,1.2,0.088,0,0,km
LINE836,831,837,ABC,0.12298,m,2c_16,3,1.15,0.088,1.2,0.088,0,0,km
LINE837,832,838,ABC,0.20588,m,2c_16,3,1.15,0.088,1.2,0.088,0,0,km
LINE838,833,839,ABC,2.443,m,4c_.06,3,0.469,0.075,1.581,0.091,0,0,km
LINE839,833,840,ABC,2.443,m,4c_.06,3,0.469,0.075,1.581,0.091,0,0,km
LINE840,836,841,ABC,0.95278,m,2c_16,3,1.15,0.088,1.2,0.088,0,0,km
LINE841,837,842,ABC,0.14278,m,2c_16,3,1.15,0.088,1.2,0.088,0,0,km
LINE842,838,843,ABC,0.20601,m,2c_16,3,1.15,0.088,1.2,0.088,0,0,km
LINE843,839,844,ABC,4.8092,m,2c_.0225,3,1.257,0.085,1.257,0.085,0,0,km
LINE844,839,845,ABC,3.6212,m,4c_.06,3,0.469,0.075,1.581,0.091,0,0,km
LINE845,839,846,ABC,3.6212,m,4c_.06,3,0.469,0.075,1.581,0.091,0,0,km
LINE846,841,847,ABC,0.48382,m,2c_16,3,1.15,0.088,1.2,0.088,0,0,km
LINE847,842,848,ABC,0.2151,m,2c_16,3,1.15,0.088,1.2,0.088,0,0,km
LINE848,843,849,ABC,0.10056,m,2c_16,3,1.15,0.088,1.2,0.088,0,0,km
LINE849,844,850,ABC,0.7036,m,2c_.0225,3,1.257,0.085,1.257,0.085,0,0,km
LINE850,845,851,ABC,4.364,m,4c_.06,3,0.469,0.075,1.581,0.091,0,0,km
LINE851,845,852,ABC,4.364,m,4c_.06,3,0.469,0.075,1.581,0.091,0,0,km
LINE852,847,853,ABC,0.10706,m,2c_16,3,1.15,0.088,1.2,0.088,0,0,km
LINE853,848,854,ABC,0.35143,m,2c_16,3,1.15,0.088,1.2,0.088,0,0,km
LINE854,849,855,ABC,2.2601,m,2c_16,3,1.15,0.088,1.2,0.088,0,0,km
LINE855,850,856,ABC,1.9822,m,2c_.0225,3,1.257,0.085,1.257,0.085,0,0,km
LINE856,851,857,ABC,6.8621,m,4c_.06,3,0.469,0.075,1.581,0.091,0,0,km
LINE857,851,858,ABC,6.8621,m,4c_.06,3,0.469,0.075,1.581,0.091,0,0,km
LINE858,853,859,ABC,0.084315,m,2c_16,3,1.15,0.088,1.2,0.088,0,0,km
LINE859,854,860,ABC,2.82,m,2c_16,3,1.15,0.088,1.2,0.088,0,0,km
LINE860,854,861,ABC,7.5091,m,2c_16,3,1.15,0.088,1.2,0.088,0,0,km
LINE861,855,862,ABC,1.4697,m,2c_16,3,1.15,0.088,1.2,0.088,0,0,km
LINE862,856,863,ABC,2.3276,m,2c_.0225,3,1.257,0.085,1.257,0.085,0,0,km
LINE863,857,864,ABC,2.7888,m,4c_.06,3,0.469,0.075,1.581,0.091,0,0,km
LINE864,857,865,ABC,2.7888,m,4c_.06,3,0.469,0.075,1.581,0.091,0,0,km
LINE865,859,866,ABC,0.090338,m,2c_16,3,1.15,0.088,1.2,0.088,0,0,km
LINE866,862,867,ABC,1.2854,m,2c_16,3,1.15,0.088,1.2,0.088,0,0,km
LINE867,863,868,ABC,0.30194,m,2c_.0225,3,1.257,0.085,1.257,0.085,0,0,km
LINE868,864,869,ABC,1.7373,m,4c_.06,3,0.469,0.075,1.581,0.091,0,0,km
LINE869,864,870,ABC,1.7373,m,4c_.06,3,0.469,0.075,1.581,0.091,0,0,km
LINE870,866,871,ABC,0.072277,m,2c_16,3,1.15,0.088,1.2,0.088,0,0,km
LINE871,867,872,ABC,1.3483,m,2c_16,3,1.15,0.088,1.2,0.088,0,0,km
LINE872,868,873,ABC,0.37952,m,2c_.0225,3,1.257,0.085,1.257,0.085,0,0,km
LINE873,868,874,ABC,0.84439,m,2c_.0225,3,1.257,0.085,1.257,0.085,0,0,km
LINE874,869,875,ABC,1.2,m,4c_.06,3,0.469,0.075,1.581,0.091,0,0,km
LINE875,869,876,ABC,1.2,m,4c_.06,3,0.469,0.075,1.581,0.091,0,0,km
LINE876,871,877,ABC,0.070178,m,2c_16,3,1.15,0.088,1.2,0.088,0,0,km
LINE877,872,878,ABC,2.3022,m,2c_16,3,1.15,0.088,1.2,0.088,0,0,km
LINE878,873,879,ABC,0.35118,m,2c_.0225,3,1.257,0.085,1.257,0.085,0,0,km
LINE879,874,880,ABC,1.9761,m,2c_.0225,3,1.257,0.085,1.257,0.085,0,0,km
LINE880,875,881,ABC,1.0112,m,4c_.06,3,0.469,0.075,1.581,0.091,0,0,km
LINE881,875,882,ABC,1.0112,m,4c_.06,3,0.469,0.075,1.581,0.091,0,0,km
LINE882,877,883,ABC,0.07,m,2c_16,3,1.15,0.088,1.2,0.088,0,0,km
LINE883,878,884,ABC,0.56468,m,2c_16,3,1.15,0.088,1.2,0.088,0,0,km
LINE884,879,885,ABC,0.534,m,2c_.0225,3,1.257,0.085,1.257,0.085,0,0,km
LINE885,880,886,ABC,4.6879,m,2c_.0225,3,1.257,0.085,1.257,0.085,0,0,km
LINE886,883,887,ABC,0.069181,m,2c_16,3,1.15,0.088,1.2,0.088,0,0,km
LINE887,884,888,ABC,0.62293,m,2c_16,3,1.15,0.088,1.2,0.088,0,0,km
LINE888,884,889,ABC,3.1574,m,35_SAC_XSC,3,0.868,0.092,0.76,0.092,0,0,km
LINE889,885,890,ABC,0.67483,m,2c_.0225,3,1.257,0.085,1.257,0.085,0,0,km
LINE890,887,891,ABC,1.2371,m,2c_16,3,1.15,0.088,1.2,0.088,0,0,km
LINE891,888,892,ABC,1.0228,m,2c_16,3,1.15,0.088,1.2,0.088,0,0,km
LINE892,889,893,ABC,2.6779,m,35_SAC_XSC,3,0.868,0.092,0.76,0.092,0,0,km
LINE893,890,894,ABC,2.6271,m,2c_.0225,3,1.257,0.085,1.257,0.085,0,0,km
LINE894,891,895,ABC,5.8249,m,2c_16,3,1.15,0.088,1.2,0.088,0,0,km
LINE895,891,896,ABC,3.2587,m,2c_16,3,1.15,0.088,1.2,0.088,0,0,km
LINE896,892,897,ABC,0.20223,m,2c_16,3,1.15,0.088,1.2,0.088,0,0,km
LINE897,893,898,ABC,4.501,m,35_SAC_XSC,3,0.868,0.092,0.76,0.092,0,0,km
LINE898,894,899,ABC,4.7723,m,2c_.0225,3,1.257,0.085,1.257,0.085,0,0,km
LINE899,895,900,ABC,3.8684,m,2c_16,3,1.15,0.088,1.2,0.088,0,0,km
LINE900,897,901,ABC,0.17088,m,2c_16,3,1.15,0.088,1.2,0.088,0,0,km
LINE901,901,902,ABC,0.144,m,2c_16,3,1.15,0.088,1.2,0.088,0,0,km
LINE902,902,903,ABC,0.18732,m,2c_16,3,1.15,0.088,1.2,0.088,0,0,km
LINE903,903,904,ABC,0.33902,m,2c_16,3,1.15,0.088,1.2,0.088,0,0,km
LINE904,904,905,ABC,0.5878,m,2c_16,3,1.15,0.088,1.2,0.088,0,0,km
LINE905,905,906,ABC,4.8147,m,2c_16,3,1.15,0.088,1.2,0.088,0,0,km
